Order,Template,Id,URL,Name
1081,Family Name,179885,http://bh.clearmash.com/skn/c6/dummy/e179885/dummy/,ABATE
512,Family Name,206560,http://bh.clearmash.com/skn/c6/dummy/e206560/dummy/,ABATELEM
1105,Family Name,262510,http://bh.clearmash.com/skn/c6/dummy/e262510/dummy/,ABAYNEH
1031,Family Name,207874,http://bh.clearmash.com/skn/c6/dummy/e207874/dummy/,ABAYNESH
438,Family Name,123190,http://bh.clearmash.com/skn/c6/dummy/e123190/dummy/,ABAZINA
914,Family Name,152756,http://bh.clearmash.com/skn/c6/dummy/e152756/dummy/,ABCEHIW
1085,Family Name,183344,http://bh.clearmash.com/skn/c6/dummy/e183344/dummy/,ABE
698,Family Name,259891,http://bh.clearmash.com/skn/c6/dummy/e259891/dummy/,ABEBA
557,Family Name,187132,http://bh.clearmash.com/skn/c6/dummy/e187132/dummy/,ABEBAW
211,Family Name,229766,http://bh.clearmash.com/skn/c6/dummy/e229766/dummy/,ABEBAWORK
755,Family Name,168624,http://bh.clearmash.com/skn/c6/dummy/e168624/dummy/,ABEBAYE
627,Family Name,172723,http://bh.clearmash.com/skn/c6/dummy/e172723/dummy/,ABEBE
347,Family Name,132998,http://bh.clearmash.com/skn/c6/dummy/e132998/dummy/,ABEBECH
862,Family Name,260357,http://bh.clearmash.com/skn/c6/dummy/e260357/dummy/,ABEJE
426,Family Name,119860,http://bh.clearmash.com/skn/c6/dummy/e119860/dummy/,ABEJECH
844,Family Name,254213,http://bh.clearmash.com/skn/c6/dummy/e254213/dummy/,ABEJU
222,Family Name,231720,http://bh.clearmash.com/skn/c6/dummy/e231720/dummy/,ABEJUSH
161,Family Name,150978,http://bh.clearmash.com/skn/c6/dummy/e150978/dummy/,ABEKYELESH
221,Family Name,231486,http://bh.clearmash.com/skn/c6/dummy/e231486/dummy/,ABENET
1049,Family Name,190278,http://bh.clearmash.com/skn/c6/dummy/e190278/dummy/,ABERA
403,Family Name,142995,http://bh.clearmash.com/skn/c6/dummy/e142995/dummy/,ABERACH
449,Family Name,124896,http://bh.clearmash.com/skn/c6/dummy/e124896/dummy/,ABEREE
1007,Family Name,122094,http://bh.clearmash.com/skn/c6/dummy/e122094/dummy/,ABEROAYIMOTU
606,Family Name,196541,http://bh.clearmash.com/skn/c6/dummy/e196541/dummy/,ABERU
130,Family Name,144754,http://bh.clearmash.com/skn/c6/dummy/e144754/dummy/,ABEY
573,Family Name,189657,http://bh.clearmash.com/skn/c6/dummy/e189657/dummy/,ABEZASH
424,Family Name,119678,http://bh.clearmash.com/skn/c6/dummy/e119678/dummy/,ABEZAWU
492,Family Name,202919,http://bh.clearmash.com/skn/c6/dummy/e202919/dummy/,ABEZIE
514,Family Name,206674,http://bh.clearmash.com/skn/c6/dummy/e206674/dummy/,ABIGEBRU
756,Family Name,168722,http://bh.clearmash.com/skn/c6/dummy/e168722/dummy/,ABOZENESH
671,Family Name,183129,http://bh.clearmash.com/skn/c6/dummy/e183129/dummy/,ABRARAW
289,Family Name,219076,http://bh.clearmash.com/skn/c6/dummy/e219076/dummy/,ABREHET
746,Family Name,166568,http://bh.clearmash.com/skn/c6/dummy/e166568/dummy/,ABREN
625,Family Name,172625,http://bh.clearmash.com/skn/c6/dummy/e172625/dummy/,ABUHAY
608,Family Name,196804,http://bh.clearmash.com/skn/c6/dummy/e196804/dummy/,ABUNU
329,Family Name,226030,http://bh.clearmash.com/skn/c6/dummy/e226030/dummy/,ACHAMIE
174,Family Name,153896,http://bh.clearmash.com/skn/c6/dummy/e153896/dummy/,ACHAMYELESH
305,Family Name,221821,http://bh.clearmash.com/skn/c6/dummy/e221821/dummy/,ACHASH
287,Family Name,218941,http://bh.clearmash.com/skn/c6/dummy/e218941/dummy/,ACHENAFY
398,Family Name,141834,http://bh.clearmash.com/skn/c6/dummy/e141834/dummy/,ACHENEFE
61,Family Name,194336,http://bh.clearmash.com/skn/c6/dummy/e194336/dummy/,ACHENEFU
178,Family Name,154680,http://bh.clearmash.com/skn/c6/dummy/e154680/dummy/,ADAMEKE
790,Family Name,243422,http://bh.clearmash.com/skn/c6/dummy/e243422/dummy/,ADAMEKECH
1129,Family Name,166853,http://bh.clearmash.com/skn/c6/dummy/e166853/dummy/,ADANE
248,Family Name,239463,http://bh.clearmash.com/skn/c6/dummy/e239463/dummy/,ADARE
615,Family Name,198888,http://bh.clearmash.com/skn/c6/dummy/e198888/dummy/,ADEBABAY
341,Family Name,227753,http://bh.clearmash.com/skn/c6/dummy/e227753/dummy/,ADEGE
11,Family Name,213127,http://bh.clearmash.com/skn/c6/dummy/e213127/dummy/,ADELA (Ethiopian)
357,Family Name,135106,http://bh.clearmash.com/skn/c6/dummy/e135106/dummy/,ADELU
649,Family Name,178411,http://bh.clearmash.com/skn/c6/dummy/e178411/dummy/,ADEME
856,Family Name,258083,http://bh.clearmash.com/skn/c6/dummy/e258083/dummy/,ADEMECH
559,Family Name,187590,http://bh.clearmash.com/skn/c6/dummy/e187590/dummy/,ADENEKE
665,Family Name,182485,http://bh.clearmash.com/skn/c6/dummy/e182485/dummy/,ADENKUSH
1103,Family Name,261118,http://bh.clearmash.com/skn/c6/dummy/e261118/dummy/,ADERAJEW
622,Family Name,172227,http://bh.clearmash.com/skn/c6/dummy/e172227/dummy/,ADERNAW
547,Family Name,213274,http://bh.clearmash.com/skn/c6/dummy/e213274/dummy/,ADEY
1096,Family Name,257134,http://bh.clearmash.com/skn/c6/dummy/e257134/dummy/,ADEYGUAL
527,Family Name,209427,http://bh.clearmash.com/skn/c6/dummy/e209427/dummy/,ADGA
131,Family Name,144867,http://bh.clearmash.com/skn/c6/dummy/e144867/dummy/,ADGESH
908,Family Name,149130,http://bh.clearmash.com/skn/c6/dummy/e149130/dummy/,ADGOAYCHEW
718,Family Name,161802,http://bh.clearmash.com/skn/c6/dummy/e161802/dummy/,ADGOLIGN
32,Family Name,123736,http://bh.clearmash.com/skn/c6/dummy/e123736/dummy/,ADHENEN
52,Family Name,178252,http://bh.clearmash.com/skn/c6/dummy/e178252/dummy/,ADHNU
74,Family Name,225964,http://bh.clearmash.com/skn/c6/dummy/e225964/dummy/,ADIHNE
274,Family Name,116947,http://bh.clearmash.com/skn/c6/dummy/e116947/dummy/,ADINO
485,Family Name,201013,http://bh.clearmash.com/skn/c6/dummy/e201013/dummy/,ADISALEM
430,Family Name,121092,http://bh.clearmash.com/skn/c6/dummy/e121092/dummy/,ADISIE
596,Family Name,194602,http://bh.clearmash.com/skn/c6/dummy/e194602/dummy/,ADISS
295,Family Name,219597,http://bh.clearmash.com/skn/c6/dummy/e219597/dummy/,ADMASE
352,Family Name,134063,http://bh.clearmash.com/skn/c6/dummy/e134063/dummy/,ADUGNAW
1091,Family Name,185410,http://bh.clearmash.com/skn/c6/dummy/e185410/dummy/,AFEWORK
520,Family Name,207840,http://bh.clearmash.com/skn/c6/dummy/e207840/dummy/,AGAJIE
652,Family Name,179211,http://bh.clearmash.com/skn/c6/dummy/e179211/dummy/,AGAZUE
870,Family Name,262818,http://bh.clearmash.com/skn/c6/dummy/e262818/dummy/,AGDA
930,Family Name,231036,http://bh.clearmash.com/skn/c6/dummy/e231036/dummy/,AGDEH
1017,Family Name,129856,http://bh.clearmash.com/skn/c6/dummy/e129856/dummy/,AGEGNEHU
298,Family Name,219803,http://bh.clearmash.com/skn/c6/dummy/e219803/dummy/,AGERE
325,Family Name,225256,http://bh.clearmash.com/skn/c6/dummy/e225256/dummy/,AGERITU
191,Family Name,157260,http://bh.clearmash.com/skn/c6/dummy/e157260/dummy/,AGERNESH
697,Family Name,259855,http://bh.clearmash.com/skn/c6/dummy/e259855/dummy/,AGEZE
371,Family Name,137770,http://bh.clearmash.com/skn/c6/dummy/e137770/dummy/,AGMAS
932,Family Name,231806,http://bh.clearmash.com/skn/c6/dummy/e231806/dummy/,AGZEW
1108,Family Name,263570,http://bh.clearmash.com/skn/c6/dummy/e263570/dummy/,AHADU
84,Family Name,256008,http://bh.clearmash.com/skn/c6/dummy/e256008/dummy/,AHAYON
159,Family Name,150705,http://bh.clearmash.com/skn/c6/dummy/e150705/dummy/,AINNYE
396,Family Name,141372,http://bh.clearmash.com/skn/c6/dummy/e141372/dummy/,AJEBUSH
967,Family Name,221383,http://bh.clearmash.com/skn/c6/dummy/e221383/dummy/,AJIGAYEHU
1047,Family Name,189507,http://bh.clearmash.com/skn/c6/dummy/e189507/dummy/,AKAL
826,Family Name,250630,http://bh.clearmash.com/skn/c6/dummy/e250630/dummy/,AKELE
535,Family Name,210803,http://bh.clearmash.com/skn/c6/dummy/e210803/dummy/,AKELEW
617,Family Name,199323,http://bh.clearmash.com/skn/c6/dummy/e199323/dummy/,AKLILU
1122,Family Name,162695,http://bh.clearmash.com/skn/c6/dummy/e162695/dummy/,AKOYE
784,Family Name,242514,http://bh.clearmash.com/skn/c6/dummy/e242514/dummy/,ALAMREW
169,Family Name,152854,http://bh.clearmash.com/skn/c6/dummy/e152854/dummy/,ALAYU
971,Family Name,222233,http://bh.clearmash.com/skn/c6/dummy/e222233/dummy/,ALAZE
216,Family Name,230530,http://bh.clearmash.com/skn/c6/dummy/e230530/dummy/,ALEBACHEW
503,Family Name,205282,http://bh.clearmash.com/skn/c6/dummy/e205282/dummy/,ALEBEL
724,Family Name,162620,http://bh.clearmash.com/skn/c6/dummy/e162620/dummy/,ALEBIE
751,Family Name,167727,http://bh.clearmash.com/skn/c6/dummy/e167727/dummy/,ALEFE
748,Family Name,166937,http://bh.clearmash.com/skn/c6/dummy/e166937/dummy/,ALEFECH
184,Family Name,155325,http://bh.clearmash.com/skn/c6/dummy/e155325/dummy/,ALEHEGN
405,Family Name,143072,http://bh.clearmash.com/skn/c6/dummy/e143072/dummy/,ALELIGN
928,Family Name,229865,http://bh.clearmash.com/skn/c6/dummy/e229865/dummy/,ALEM
500,Family Name,205065,http://bh.clearmash.com/skn/c6/dummy/e205065/dummy/,ALEM ANTE
911,Family Name,151521,http://bh.clearmash.com/skn/c6/dummy/e151521/dummy/,ALEM META
1145,Family Name,245222,http://bh.clearmash.com/skn/c6/dummy/e245222/dummy/,ALEM SEGED
947,Family Name,240006,http://bh.clearmash.com/skn/c6/dummy/e240006/dummy/,ALEM WOREK
188,Family Name,156639,http://bh.clearmash.com/skn/c6/dummy/e156639/dummy/,ALEMACH
887,Family Name,152247,http://bh.clearmash.com/skn/c6/dummy/e152247/dummy/,ALEM-ACHASH
1098,Family Name,259234,http://bh.clearmash.com/skn/c6/dummy/e259234/dummy/,ALEMADIS
128,Family Name,144442,http://bh.clearmash.com/skn/c6/dummy/e144442/dummy/,ALEMENESH
316,Family Name,223581,http://bh.clearmash.com/skn/c6/dummy/e223581/dummy/,ALEMIE
931,Family Name,231254,http://bh.clearmash.com/skn/c6/dummy/e231254/dummy/,ALEMITU
1119,Family Name,161286,http://bh.clearmash.com/skn/c6/dummy/e161286/dummy/,ALEMNEH
1025,Family Name,204289,http://bh.clearmash.com/skn/c6/dummy/e204289/dummy/,ALEMNESH
234,Family Name,233919,http://bh.clearmash.com/skn/c6/dummy/e233919/dummy/,ALEMTSIHAY
1070,Family Name,173464,http://bh.clearmash.com/skn/c6/dummy/e173464/dummy/,ALEMU
433,Family Name,122677,http://bh.clearmash.com/skn/c6/dummy/e122677/dummy/,ALEMUSH
1102,Family Name,260936,http://bh.clearmash.com/skn/c6/dummy/e260936/dummy/,ALEMYAHU
308,Family Name,222021,http://bh.clearmash.com/skn/c6/dummy/e222021/dummy/,ALENE
1141,Family Name,242512,http://bh.clearmash.com/skn/c6/dummy/e242512/dummy/,ALTASH
327,Family Name,225912,http://bh.clearmash.com/skn/c6/dummy/e225912/dummy/,AMAKALE
664,Family Name,182043,http://bh.clearmash.com/skn/c6/dummy/e182043/dummy/,AMAN
653,Family Name,179225,http://bh.clearmash.com/skn/c6/dummy/e179225/dummy/,AMARE
262,Family Name,241124,http://bh.clearmash.com/skn/c6/dummy/e241124/dummy/,AMARECH
677,Family Name,183739,http://bh.clearmash.com/skn/c6/dummy/e183739/dummy/,AMARU
324,Family Name,225161,http://bh.clearmash.com/skn/c6/dummy/e225161/dummy/,AMBA-WUHU
641,Family Name,176697,http://bh.clearmash.com/skn/c6/dummy/e176697/dummy/,AMBAYE
475,Family Name,129963,http://bh.clearmash.com/skn/c6/dummy/e129963/dummy/,AMBELU
705,Family Name,159113,http://bh.clearmash.com/skn/c6/dummy/e159113/dummy/,AMBERBIS
587,Family Name,191576,http://bh.clearmash.com/skn/c6/dummy/e191576/dummy/,AMCHESH
666,Family Name,182489,http://bh.clearmash.com/skn/c6/dummy/e182489/dummy/,AMEL YELESH
142,Family Name,146529,http://bh.clearmash.com/skn/c6/dummy/e146529/dummy/,AMELMAL
776,Family Name,171740,http://bh.clearmash.com/skn/c6/dummy/e171740/dummy/,AMENE
548,Family Name,213340,http://bh.clearmash.com/skn/c6/dummy/e213340/dummy/,AMERA
473,Family Name,129498,http://bh.clearmash.com/skn/c6/dummy/e129498/dummy/,AMSAL
543,Family Name,212283,http://bh.clearmash.com/skn/c6/dummy/e212283/dummy/,AMSELA
529,Family Name,209702,http://bh.clearmash.com/skn/c6/dummy/e209702/dummy/,ANCHINALU
749,Family Name,167180,http://bh.clearmash.com/skn/c6/dummy/e167180/dummy/,ANDARGACHEW
701,Family Name,260040,http://bh.clearmash.com/skn/c6/dummy/e260040/dummy/,ANDARGIE
243,Family Name,236380,http://bh.clearmash.com/skn/c6/dummy/e236380/dummy/,ANEGASH
642,Family Name,177372,http://bh.clearmash.com/skn/c6/dummy/e177372/dummy/,ANEGU
313,Family Name,223052,http://bh.clearmash.com/skn/c6/dummy/e223052/dummy/,ANEMUT
199,Family Name,158785,http://bh.clearmash.com/skn/c6/dummy/e158785/dummy/,ANGUACH
162,Family Name,151216,http://bh.clearmash.com/skn/c6/dummy/e151216/dummy/,ANLEY
694,Family Name,259331,http://bh.clearmash.com/skn/c6/dummy/e259331/dummy/,ANTENEH
288,Family Name,218953,http://bh.clearmash.com/skn/c6/dummy/e218953/dummy/,ARAGOW
607,Family Name,196691,http://bh.clearmash.com/skn/c6/dummy/e196691/dummy/,ARASH
195,Family Name,157791,http://bh.clearmash.com/skn/c6/dummy/e157791/dummy/,ARAYA
809,Family Name,246621,http://bh.clearmash.com/skn/c6/dummy/e246621/dummy/,AREGITU
978,Family Name,223606,http://bh.clearmash.com/skn/c6/dummy/e223606/dummy/,AREGOW
518,Family Name,207600,http://bh.clearmash.com/skn/c6/dummy/e207600/dummy/,AREKI
1074,Family Name,176399,http://bh.clearmash.com/skn/c6/dummy/e176399/dummy/,ASAMEN
960,Family Name,218841,http://bh.clearmash.com/skn/c6/dummy/e218841/dummy/,ASCHALEW
435,Family Name,122814,http://bh.clearmash.com/skn/c6/dummy/e122814/dummy/,ASEFA
508,Family Name,206264,http://bh.clearmash.com/skn/c6/dummy/e206264/dummy/,ASEGAHEGN
242,Family Name,236334,http://bh.clearmash.com/skn/c6/dummy/e236334/dummy/,ASEGED
220,Family Name,231306,http://bh.clearmash.com/skn/c6/dummy/e231306/dummy/,ASELEF
1077,Family Name,177774,http://bh.clearmash.com/skn/c6/dummy/e177774/dummy/,ASEMA
300,Family Name,220226,http://bh.clearmash.com/skn/c6/dummy/e220226/dummy/,ASEMAHEGN
766,Family Name,171058,http://bh.clearmash.com/skn/c6/dummy/e171058/dummy/,ASEYAHEGN
884,Family Name,265395,http://bh.clearmash.com/skn/c6/dummy/e265395/dummy/,ASFACHEW
321,Family Name,224635,http://bh.clearmash.com/skn/c6/dummy/e224635/dummy/,ASGEDOM
796,Family Name,244267,http://bh.clearmash.com/skn/c6/dummy/e244267/dummy/,ASHAGERE
360,Family Name,135528,http://bh.clearmash.com/skn/c6/dummy/e135528/dummy/,ASKABECH
532,Family Name,210337,http://bh.clearmash.com/skn/c6/dummy/e210337/dummy/,ASMAMAW
1004,Family Name,119306,http://bh.clearmash.com/skn/c6/dummy/e119306/dummy/,ASMARE
410,Family Name,143850,http://bh.clearmash.com/skn/c6/dummy/e143850/dummy/,ASNAKE
689,Family Name,255796,http://bh.clearmash.com/skn/c6/dummy/e255796/dummy/,ASNKA
336,Family Name,227311,http://bh.clearmash.com/skn/c6/dummy/e227311/dummy/,ASREBEB
939,Family Name,233120,http://bh.clearmash.com/skn/c6/dummy/e233120/dummy/,ASRES
1146,Family Name,245334,http://bh.clearmash.com/skn/c6/dummy/e245334/dummy/,ASRESAHEGN
409,Family Name,143637,http://bh.clearmash.com/skn/c6/dummy/e143637/dummy/,ASSEGASH
986,Family Name,135390,http://bh.clearmash.com/skn/c6/dummy/e135390/dummy/,ASTRAW
735,Family Name,164004,http://bh.clearmash.com/skn/c6/dummy/e164004/dummy/,ATAKLIT
421,Family Name,118768,http://bh.clearmash.com/skn/c6/dummy/e118768/dummy/,ATALA
585,Family Name,191396,http://bh.clearmash.com/skn/c6/dummy/e191396/dummy/,ATALAY
461,Family Name,126920,http://bh.clearmash.com/skn/c6/dummy/e126920/dummy/,ATANAW
732,Family Name,163422,http://bh.clearmash.com/skn/c6/dummy/e163422/dummy/,ATENESH
849,Family Name,255079,http://bh.clearmash.com/skn/c6/dummy/e255079/dummy/,ATITEGEB
1130,Family Name,167881,http://bh.clearmash.com/skn/c6/dummy/e167881/dummy/,ATLABACHEW
137,Family Name,146226,http://bh.clearmash.com/skn/c6/dummy/e146226/dummy/,ATNAFIE
654,Family Name,179426,http://bh.clearmash.com/skn/c6/dummy/e179426/dummy/,ATNAFU
721,Family Name,162300,http://bh.clearmash.com/skn/c6/dummy/e162300/dummy/,ATNKUT
1067,Family Name,199834,http://bh.clearmash.com/skn/c6/dummy/e199834/dummy/,ATSEDIE
805,Family Name,245837,http://bh.clearmash.com/skn/c6/dummy/e245837/dummy/,ATSIBAHA
1037,Family Name,211475,http://bh.clearmash.com/skn/c6/dummy/e211475/dummy/,ATSME
827,Family Name,251038,http://bh.clearmash.com/skn/c6/dummy/e251038/dummy/,AVREN
1090,Family Name,185049,http://bh.clearmash.com/skn/c6/dummy/e185049/dummy/,AWAGACH
561,Family Name,187834,http://bh.clearmash.com/skn/c6/dummy/e187834/dummy/,AWEKE
621,Family Name,172192,http://bh.clearmash.com/skn/c6/dummy/e172192/dummy/,AWOKEGN
394,Family Name,140951,http://bh.clearmash.com/skn/c6/dummy/e140951/dummy/,AWOTASH
846,Family Name,254603,http://bh.clearmash.com/skn/c6/dummy/e254603/dummy/,AWOTU
16,Family Name,250914,http://bh.clearmash.com/skn/c6/dummy/e250914/dummy/,AYAL (Ethiopian)
380,Family Name,139005,http://bh.clearmash.com/skn/c6/dummy/e139005/dummy/,AYANAEGZI
1114,Family Name,265255,http://bh.clearmash.com/skn/c6/dummy/e265255/dummy/,AYANEW
1064,Family Name,197398,http://bh.clearmash.com/skn/c6/dummy/e197398/dummy/,AYCHESH
250,Family Name,240114,http://bh.clearmash.com/skn/c6/dummy/e240114/dummy/,AYELE
156,Family Name,150343,http://bh.clearmash.com/skn/c6/dummy/e150343/dummy/,AYELEW
1022,Family Name,203254,http://bh.clearmash.com/skn/c6/dummy/e203254/dummy/,AYELGN
878,Family Name,263934,http://bh.clearmash.com/skn/c6/dummy/e263934/dummy/,AYICHERGREW
1087,Family Name,183691,http://bh.clearmash.com/skn/c6/dummy/e183691/dummy/,AYICHEW
703,Family Name,158848,http://bh.clearmash.com/skn/c6/dummy/e158848/dummy/,AYIKEL
219,Family Name,231167,http://bh.clearmash.com/skn/c6/dummy/e231167/dummy/,AYINALEM
446,Family Name,124492,http://bh.clearmash.com/skn/c6/dummy/e124492/dummy/,AYINSHEF
1160,Family Name,136651,http://bh.clearmash.com/skn/c6/dummy/e136651/dummy/,AYMELAK
1076,Family Name,177626,http://bh.clearmash.com/skn/c6/dummy/e177626/dummy/,AYNADIS
946,Family Name,239287,http://bh.clearmash.com/skn/c6/dummy/e239287/dummy/,AYNEMISA
1073,Family Name,176175,http://bh.clearmash.com/skn/c6/dummy/e176175/dummy/,AYNSAYGN
1149,Family Name,247493,http://bh.clearmash.com/skn/c6/dummy/e247493/dummy/,AZALECH
714,Family Name,160789,http://bh.clearmash.com/skn/c6/dummy/e160789/dummy/,AZANU
255,Family Name,240529,http://bh.clearmash.com/skn/c6/dummy/e240529/dummy/,AZEB
420,Family Name,118734,http://bh.clearmash.com/skn/c6/dummy/e118734/dummy/,AZENE
910,Family Name,150460,http://bh.clearmash.com/skn/c6/dummy/e150460/dummy/,AZENEGA
926,Family Name,228803,http://bh.clearmash.com/skn/c6/dummy/e228803/dummy/,AZENEGZIE
614,Family Name,198835,http://bh.clearmash.com/skn/c6/dummy/e198835/dummy/,AZEZAW
472,Family Name,129218,http://bh.clearmash.com/skn/c6/dummy/e129218/dummy/,AZMERA
418,Family Name,117592,http://bh.clearmash.com/skn/c6/dummy/e117592/dummy/,BABIE
1089,Family Name,184641,http://bh.clearmash.com/skn/c6/dummy/e184641/dummy/,BALEW
207,Family Name,229374,http://bh.clearmash.com/skn/c6/dummy/e229374/dummy/,BANCH
728,Family Name,163031,http://bh.clearmash.com/skn/c6/dummy/e163031/dummy/,BANCHAMLAK
945,Family Name,239247,http://bh.clearmash.com/skn/c6/dummy/e239247/dummy/,BANCHAYEHU
1147,Family Name,246459,http://bh.clearmash.com/skn/c6/dummy/e246459/dummy/,BANCHIGIZE
227,Family Name,233050,http://bh.clearmash.com/skn/c6/dummy/e233050/dummy/,BANTIHUN
981,Family Name,225605,http://bh.clearmash.com/skn/c6/dummy/e225605/dummy/,BANTIRGA
1041,Family Name,186500,http://bh.clearmash.com/skn/c6/dummy/e186500/dummy/,BARKEW
733,Family Name,163496,http://bh.clearmash.com/skn/c6/dummy/e163496/dummy/,BARKOLIGN
1078,Family Name,178401,http://bh.clearmash.com/skn/c6/dummy/e178401/dummy/,BATMOT
76,Family Name,231715,http://bh.clearmash.com/skn/c6/dummy/e231715/dummy/,BAYE
60,Family Name,192500,http://bh.clearmash.com/skn/c6/dummy/e192500/dummy/,BAYLELEYGN
34,Family Name,129543,http://bh.clearmash.com/skn/c6/dummy/e129543/dummy/,BAYMOT
37,Family Name,136798,http://bh.clearmash.com/skn/c6/dummy/e136798/dummy/,BAYUH
30,Family Name,117388,http://bh.clearmash.com/skn/c6/dummy/e117388/dummy/,BAYUSH
48,Family Name,164439,http://bh.clearmash.com/skn/c6/dummy/e164439/dummy/,BAZETO
81,Family Name,242856,http://bh.clearmash.com/skn/c6/dummy/e242856/dummy/,BAZEZEW
26,Family Name,208636,http://bh.clearmash.com/skn/c6/dummy/e208636/dummy/,BEFEKADU
330,Family Name,226173,http://bh.clearmash.com/skn/c6/dummy/e226173/dummy/,BEGOSEW
848,Family Name,255051,http://bh.clearmash.com/skn/c6/dummy/e255051/dummy/,BEKELE
579,Family Name,190735,http://bh.clearmash.com/skn/c6/dummy/e190735/dummy/,BEKESKES
427,Family Name,119927,http://bh.clearmash.com/skn/c6/dummy/e119927/dummy/,BELAYNEH
801,Family Name,245205,http://bh.clearmash.com/skn/c6/dummy/e245205/dummy/,BELETE
276,Family Name,214480,http://bh.clearmash.com/skn/c6/dummy/e214480/dummy/,BELEW
55,Family Name,187348,http://bh.clearmash.com/skn/c6/dummy/e187348/dummy/,BERHAN
51,Family Name,174504,http://bh.clearmash.com/skn/c6/dummy/e174504/dummy/,BERHANE
77,Family Name,234384,http://bh.clearmash.com/skn/c6/dummy/e234384/dummy/,BERHANU
78,Family Name,236081,http://bh.clearmash.com/skn/c6/dummy/e236081/dummy/,BERIE
73,Family Name,225039,http://bh.clearmash.com/skn/c6/dummy/e225039/dummy/,BERIHUN
45,Family Name,153678,http://bh.clearmash.com/skn/c6/dummy/e153678/dummy/,BETHA
36,Family Name,136756,http://bh.clearmash.com/skn/c6/dummy/e136756/dummy/,BETIBEBU
62,Family Name,198611,http://bh.clearmash.com/skn/c6/dummy/e198611/dummy/,BEWUKET
43,Family Name,153516,http://bh.clearmash.com/skn/c6/dummy/e153516/dummy/,BEWUKETU
85,Family Name,264236,http://bh.clearmash.com/skn/c6/dummy/e264236/dummy/,BEYAN
68,Family Name,218065,http://bh.clearmash.com/skn/c6/dummy/e218065/dummy/,BEZABIH
82,Family Name,247218,http://bh.clearmash.com/skn/c6/dummy/e247218/dummy/,BIADGLIGN
80,Family Name,241011,http://bh.clearmash.com/skn/c6/dummy/e241011/dummy/,BICHA
67,Family Name,208984,http://bh.clearmash.com/skn/c6/dummy/e208984/dummy/,BIKAYA
71,Family Name,222237,http://bh.clearmash.com/skn/c6/dummy/e222237/dummy/,BILCHA
70,Family Name,221879,http://bh.clearmash.com/skn/c6/dummy/e221879/dummy/,BILILIGN
312,Family Name,223018,http://bh.clearmash.com/skn/c6/dummy/e223018/dummy/,BIMREGN
291,Family Name,219334,http://bh.clearmash.com/skn/c6/dummy/e219334/dummy/,BIMREW
489,Family Name,201318,http://bh.clearmash.com/skn/c6/dummy/e201318/dummy/,BIRARA
83,Family Name,254298,http://bh.clearmash.com/skn/c6/dummy/e254298/dummy/,BIRCHIKO
69,Family Name,218239,http://bh.clearmash.com/skn/c6/dummy/e218239/dummy/,BIRE
38,Family Name,143520,http://bh.clearmash.com/skn/c6/dummy/e143520/dummy/,BIREDA
266,Family Name,115667,http://bh.clearmash.com/skn/c6/dummy/e115667/dummy/,BIRESAW
133,Family Name,145354,http://bh.clearmash.com/skn/c6/dummy/e145354/dummy/,BIRHAN
818,Family Name,248475,http://bh.clearmash.com/skn/c6/dummy/e248475/dummy/,BIRHANA
132,Family Name,145134,http://bh.clearmash.com/skn/c6/dummy/e145134/dummy/,BIRHANE
719,Family Name,162157,http://bh.clearmash.com/skn/c6/dummy/e162157/dummy/,BIRHANU
49,Family Name,165838,http://bh.clearmash.com/skn/c6/dummy/e165838/dummy/,BIRILE
515,Family Name,206770,http://bh.clearmash.com/skn/c6/dummy/e206770/dummy/,BIRITU
317,Family Name,223648,http://bh.clearmash.com/skn/c6/dummy/e223648/dummy/,BIRKE
516,Family Name,206899,http://bh.clearmash.com/skn/c6/dummy/e206899/dummy/,BIRKU
31,Family Name,122359,http://bh.clearmash.com/skn/c6/dummy/e122359/dummy/,BIRTUKAN
27,Family Name,187023,http://bh.clearmash.com/skn/c6/dummy/e187023/dummy/,BIRU
635,Family Name,174058,http://bh.clearmash.com/skn/c6/dummy/e174058/dummy/,BIRUK
455,Family Name,125873,http://bh.clearmash.com/skn/c6/dummy/e125873/dummy/,BISEWUR
397,Family Name,141581,http://bh.clearmash.com/skn/c6/dummy/e141581/dummy/,BISHAT
640,Family Name,176630,http://bh.clearmash.com/skn/c6/dummy/e176630/dummy/,BITADGE
72,Family Name,222623,http://bh.clearmash.com/skn/c6/dummy/e222623/dummy/,BITERF
813,Family Name,247047,http://bh.clearmash.com/skn/c6/dummy/e247047/dummy/,BITEW
66,Family Name,205582,http://bh.clearmash.com/skn/c6/dummy/e205582/dummy/,BITEWULGN
597,Family Name,194964,http://bh.clearmash.com/skn/c6/dummy/e194964/dummy/,BITHONEGN
754,Family Name,168614,http://bh.clearmash.com/skn/c6/dummy/e168614/dummy/,BITWOTA
35,Family Name,131780,http://bh.clearmash.com/skn/c6/dummy/e131780/dummy/,BIWOTA
470,Family Name,128890,http://bh.clearmash.com/skn/c6/dummy/e128890/dummy/,BIZU
54,Family Name,181123,http://bh.clearmash.com/skn/c6/dummy/e181123/dummy/,BIZUAYEHU
1061,Family Name,194490,http://bh.clearmash.com/skn/c6/dummy/e194490/dummy/,BIZUNESH
1026,Family Name,204334,http://bh.clearmash.com/skn/c6/dummy/e204334/dummy/,BOGALE
39,Family Name,145054,http://bh.clearmash.com/skn/c6/dummy/e145054/dummy/,BOKETAW
880,Family Name,264268,http://bh.clearmash.com/skn/c6/dummy/e264268/dummy/,BONU
610,Family Name,197462,http://bh.clearmash.com/skn/c6/dummy/e197462/dummy/,CHAKLIE
700,Family Name,259981,http://bh.clearmash.com/skn/c6/dummy/e259981/dummy/,CHALACHEW
106,Family Name,191948,http://bh.clearmash.com/skn/c6/dummy/e191948/dummy/,CHAMASHWORK
393,Family Name,140521,http://bh.clearmash.com/skn/c6/dummy/e140521/dummy/,CHANE
115,Family Name,210578,http://bh.clearmash.com/skn/c6/dummy/e210578/dummy/,CHANYALEW
803,Family Name,245744,http://bh.clearmash.com/skn/c6/dummy/e245744/dummy/,CHEKOLE
103,Family Name,172644,http://bh.clearmash.com/skn/c6/dummy/e172644/dummy/,CHEKOLECH
378,Family Name,138747,http://bh.clearmash.com/skn/c6/dummy/e138747/dummy/,CHEMREW
1131,Family Name,168595,http://bh.clearmash.com/skn/c6/dummy/e168595/dummy/,CHILA
479,Family Name,130861,http://bh.clearmash.com/skn/c6/dummy/e130861/dummy/,CHOLE
120,Family Name,225061,http://bh.clearmash.com/skn/c6/dummy/e225061/dummy/,CHOMA
841,Family Name,253687,http://bh.clearmash.com/skn/c6/dummy/e253687/dummy/,CHORIE
138,Family Name,146297,http://bh.clearmash.com/skn/c6/dummy/e146297/dummy/,CHORIT
1162,Family Name,15620263,http://bh.clearmash.com/skn/c6/dummy/e15620263/dummy/,CORINALDI
367,Family Name,136766,http://bh.clearmash.com/skn/c6/dummy/e136766/dummy/,DAGET
92,Family Name,131048,http://bh.clearmash.com/skn/c6/dummy/e131048/dummy/,DAGNEHEGN
340,Family Name,227726,http://bh.clearmash.com/skn/c6/dummy/e227726/dummy/,DAGNEW
474,Family Name,129590,http://bh.clearmash.com/skn/c6/dummy/e129590/dummy/,DAMENA
443,Family Name,123827,http://bh.clearmash.com/skn/c6/dummy/e123827/dummy/,DAMTEW
853,Family Name,257619,http://bh.clearmash.com/skn/c6/dummy/e257619/dummy/,DAMTIE
601,Family Name,196025,http://bh.clearmash.com/skn/c6/dummy/e196025/dummy/,DARGIE
119,Family Name,224984,http://bh.clearmash.com/skn/c6/dummy/e224984/dummy/,DARNGOT
823,Family Name,250271,http://bh.clearmash.com/skn/c6/dummy/e250271/dummy/,DASASH
7,Family Name,155997,http://bh.clearmash.com/skn/c6/dummy/e155997/dummy/,DEBASH (Ethiopian)
193,Family Name,157705,http://bh.clearmash.com/skn/c6/dummy/e157705/dummy/,DEBERIE
97,Family Name,148323,http://bh.clearmash.com/skn/c6/dummy/e148323/dummy/,DEBRENESH
296,Family Name,219694,http://bh.clearmash.com/skn/c6/dummy/e219694/dummy/,DEBSHIW
129,Family Name,144534,http://bh.clearmash.com/skn/c6/dummy/e144534/dummy/,DEFERSHA
91,Family Name,128267,http://bh.clearmash.com/skn/c6/dummy/e128267/dummy/,DEJACH
822,Family Name,250118,http://bh.clearmash.com/skn/c6/dummy/e250118/dummy/,DEJEN
1028,Family Name,204483,http://bh.clearmash.com/skn/c6/dummy/e204483/dummy/,DEJTENU
309,Family Name,222426,http://bh.clearmash.com/skn/c6/dummy/e222426/dummy/,DEMAM
127,Family Name,263723,http://bh.clearmash.com/skn/c6/dummy/e263723/dummy/,DEMBER
1002,Family Name,117415,http://bh.clearmash.com/skn/c6/dummy/e117415/dummy/,DEMEKE
1080,Family Name,178776,http://bh.clearmash.com/skn/c6/dummy/e178776/dummy/,DEMEKECH
1154,Family Name,251269,http://bh.clearmash.com/skn/c6/dummy/e251269/dummy/,DEMLEW
210,Family Name,229436,http://bh.clearmash.com/skn/c6/dummy/e229436/dummy/,DEMOZ
916,Family Name,153158,http://bh.clearmash.com/skn/c6/dummy/e153158/dummy/,DEMSASH
453,Family Name,125565,http://bh.clearmash.com/skn/c6/dummy/e125565/dummy/,DEMSEW
460,Family Name,126845,http://bh.clearmash.com/skn/c6/dummy/e126845/dummy/,DEMSIE
154,Family Name,149614,http://bh.clearmash.com/skn/c6/dummy/e149614/dummy/,DENEKE
509,Family Name,206322,http://bh.clearmash.com/skn/c6/dummy/e206322/dummy/,DENEKU
570,Family Name,188680,http://bh.clearmash.com/skn/c6/dummy/e188680/dummy/,DENSA
838,Family Name,252671,http://bh.clearmash.com/skn/c6/dummy/e252671/dummy/,DERES
253,Family Name,240365,http://bh.clearmash.com/skn/c6/dummy/e240365/dummy/,DESALEGN
484,Family Name,200839,http://bh.clearmash.com/skn/c6/dummy/e200839/dummy/,DESE
265,Family Name,115392,http://bh.clearmash.com/skn/c6/dummy/e115392/dummy/,DESTA
549,Family Name,213414,http://bh.clearmash.com/skn/c6/dummy/e213414/dummy/,DESTAW
668,Family Name,182893,http://bh.clearmash.com/skn/c6/dummy/e182893/dummy/,DESYIBELEGN
389,Family Name,140015,http://bh.clearmash.com/skn/c6/dummy/e140015/dummy/,DINBULU
354,Family Name,134217,http://bh.clearmash.com/skn/c6/dummy/e134217/dummy/,DINKIE
860,Family Name,258965,http://bh.clearmash.com/skn/c6/dummy/e258965/dummy/,DINKNESH
173,Family Name,153829,http://bh.clearmash.com/skn/c6/dummy/e153829/dummy/,DINKU
491,Family Name,202741,http://bh.clearmash.com/skn/c6/dummy/e202741/dummy/,DUBALE
605,Family Name,196491,http://bh.clearmash.com/skn/c6/dummy/e196491/dummy/,DUBE
285,Family Name,218623,http://bh.clearmash.com/skn/c6/dummy/e218623/dummy/,DURIE
3,Family Name,249189,http://bh.clearmash.com/skn/c6/dummy/e249189/dummy/,EDEL (Ethiopian)
141,Family Name,146444,http://bh.clearmash.com/skn/c6/dummy/e146444/dummy/,EHILE
634,Family Name,174044,http://bh.clearmash.com/skn/c6/dummy/e174044/dummy/,EHILNESH
743,Family Name,165944,http://bh.clearmash.com/skn/c6/dummy/e165944/dummy/,EHLIE
284,Family Name,217886,http://bh.clearmash.com/skn/c6/dummy/e217886/dummy/,EJIDIE
842,Family Name,253745,http://bh.clearmash.com/skn/c6/dummy/e253745/dummy/,EJIGAYEHU
619,Family Name,199927,http://bh.clearmash.com/skn/c6/dummy/e199927/dummy/,EJIGU
109,Family Name,193866,http://bh.clearmash.com/skn/c6/dummy/e193866/dummy/,EJIYINSU
569,Family Name,188668,http://bh.clearmash.com/skn/c6/dummy/e188668/dummy/,EMANESH
118,Family Name,213824,http://bh.clearmash.com/skn/c6/dummy/e213824/dummy/,EMAWA
123,Family Name,229248,http://bh.clearmash.com/skn/c6/dummy/e229248/dummy/,EMBAYE
213,Family Name,230321,http://bh.clearmash.com/skn/c6/dummy/e230321/dummy/,EMEBET
208,Family Name,229422,http://bh.clearmash.com/skn/c6/dummy/e229422/dummy/,EMIRESET
730,Family Name,163149,http://bh.clearmash.com/skn/c6/dummy/e163149/dummy/,EMIWODIH
662,Family Name,181106,http://bh.clearmash.com/skn/c6/dummy/e181106/dummy/,EMIWODISH
523,Family Name,208196,http://bh.clearmash.com/skn/c6/dummy/e208196/dummy/,ENANU
12,Family Name,228982,http://bh.clearmash.com/skn/c6/dummy/e228982/dummy/,ENAT (Ethiopian)
845,Family Name,254580,http://bh.clearmash.com/skn/c6/dummy/e254580/dummy/,ENATMAR
232,Family Name,233721,http://bh.clearmash.com/skn/c6/dummy/e233721/dummy/,ENDALE
590,Family Name,192006,http://bh.clearmash.com/skn/c6/dummy/e192006/dummy/,ENDALEW
114,Family Name,206071,http://bh.clearmash.com/skn/c6/dummy/e206071/dummy/,ENDAYEHU
107,Family Name,192456,http://bh.clearmash.com/skn/c6/dummy/e192456/dummy/,ENDESHAW
525,Family Name,208615,http://bh.clearmash.com/skn/c6/dummy/e208615/dummy/,ENEYE
272,Family Name,116621,http://bh.clearmash.com/skn/c6/dummy/e116621/dummy/,ENGDA
675,Family Name,183370,http://bh.clearmash.com/skn/c6/dummy/e183370/dummy/,ENGDAW
164,Family Name,151729,http://bh.clearmash.com/skn/c6/dummy/e151729/dummy/,ENGDAYEHU
648,Family Name,178282,http://bh.clearmash.com/skn/c6/dummy/e178282/dummy/,ENKUAYE
858,Family Name,258421,http://bh.clearmash.com/skn/c6/dummy/e258421/dummy/,ENVEREM
486,Family Name,201033,http://bh.clearmash.com/skn/c6/dummy/e201033/dummy/,ENYEW
772,Family Name,171497,http://bh.clearmash.com/skn/c6/dummy/e171497/dummy/,ENYISH
699,Family Name,259922,http://bh.clearmash.com/skn/c6/dummy/e259922/dummy/,ERMIAS
782,Family Name,241583,http://bh.clearmash.com/skn/c6/dummy/e241583/dummy/,ESATU - እሳት
332,Family Name,226707,http://bh.clearmash.com/skn/c6/dummy/e226707/dummy/,ESAYAS
763,Family Name,170651,http://bh.clearmash.com/skn/c6/dummy/e170651/dummy/,ESHETE
511,Family Name,206557,http://bh.clearmash.com/skn/c6/dummy/e206557/dummy/,ESHTAYEHU
480,Family Name,200055,http://bh.clearmash.com/skn/c6/dummy/e200055/dummy/,ETAGEGNEHU
806,Family Name,245876,http://bh.clearmash.com/skn/c6/dummy/e245876/dummy/,ETE
876,Family Name,263813,http://bh.clearmash.com/skn/c6/dummy/e263813/dummy/,ETEHUNA
722,Family Name,162326,http://bh.clearmash.com/skn/c6/dummy/e162326/dummy/,ETENAT
146,Family Name,147247,http://bh.clearmash.com/skn/c6/dummy/e147247/dummy/,ETENESH
775,Family Name,171706,http://bh.clearmash.com/skn/c6/dummy/e171706/dummy/,ETIHUN
882,Family Name,265125,http://bh.clearmash.com/skn/c6/dummy/e265125/dummy/,ETITU
530,Family Name,209947,http://bh.clearmash.com/skn/c6/dummy/e209947/dummy/,ETSUBDNIK
170,Family Name,152889,http://bh.clearmash.com/skn/c6/dummy/e152889/dummy/,EYASU
600,Family Name,195968,http://bh.clearmash.com/skn/c6/dummy/e195968/dummy/,EYAYU
571,Family Name,188695,http://bh.clearmash.com/skn/c6/dummy/e188695/dummy/,EYILIGN
273,Family Name,116862,http://bh.clearmash.com/skn/c6/dummy/e116862/dummy/,EZEZEW
1161,Family Name,141425,http://bh.clearmash.com/skn/c6/dummy/e141425/dummy/,FAITLOVITCH
495,Family Name,204422,http://bh.clearmash.com/skn/c6/dummy/e204422/dummy/,FANA
690,Family Name,255891,http://bh.clearmash.com/skn/c6/dummy/e255891/dummy/,FANAYE
377,Family Name,138392,http://bh.clearmash.com/skn/c6/dummy/e138392/dummy/,FANTA
311,Family Name,222730,http://bh.clearmash.com/skn/c6/dummy/e222730/dummy/,FASIKA
760,Family Name,169758,http://bh.clearmash.com/skn/c6/dummy/e169758/dummy/,FASIL
791,Family Name,243753,http://bh.clearmash.com/skn/c6/dummy/e243753/dummy/,FEKADU
686,Family Name,185760,http://bh.clearmash.com/skn/c6/dummy/e185760/dummy/,FEKEDE
126,Family Name,255612,http://bh.clearmash.com/skn/c6/dummy/e255612/dummy/,FELEGU
218,Family Name,230895,http://bh.clearmash.com/skn/c6/dummy/e230895/dummy/,FELEGUSH
110,Family Name,196912,http://bh.clearmash.com/skn/c6/dummy/e196912/dummy/,FELEKE
581,Family Name,190996,http://bh.clearmash.com/skn/c6/dummy/e190996/dummy/,FELEKECH
375,Family Name,138219,http://bh.clearmash.com/skn/c6/dummy/e138219/dummy/,FELFELU
531,Family Name,209981,http://bh.clearmash.com/skn/c6/dummy/e209981/dummy/,FENTAHUN
151,Family Name,148056,http://bh.clearmash.com/skn/c6/dummy/e148056/dummy/,FENTANESH
706,Family Name,159393,http://bh.clearmash.com/skn/c6/dummy/e159393/dummy/,FEREDE
725,Family Name,162640,http://bh.clearmash.com/skn/c6/dummy/e162640/dummy/,FETENE
124,Family Name,245569,http://bh.clearmash.com/skn/c6/dummy/e245569/dummy/,FETENECH
835,Family Name,252207,http://bh.clearmash.com/skn/c6/dummy/e252207/dummy/,FIKRE
771,Family Name,171456,http://bh.clearmash.com/skn/c6/dummy/e171456/dummy/,FIRDU
620,Family Name,199945,http://bh.clearmash.com/skn/c6/dummy/e199945/dummy/,FIRNUS
847,Family Name,254895,http://bh.clearmash.com/skn/c6/dummy/e254895/dummy/,FISIHA
105,Family Name,186621,http://bh.clearmash.com/skn/c6/dummy/e186621/dummy/,FITFTE
533,Family Name,210360,http://bh.clearmash.com/skn/c6/dummy/e210360/dummy/,FITGU
517,Family Name,207127,http://bh.clearmash.com/skn/c6/dummy/e207127/dummy/,FULA
501,Family Name,205197,http://bh.clearmash.com/skn/c6/dummy/e205197/dummy/,FULATE
592,Family Name,192611,http://bh.clearmash.com/skn/c6/dummy/e192611/dummy/,GANFUR
121,Family Name,227997,http://bh.clearmash.com/skn/c6/dummy/e227997/dummy/,GARED
301,Family Name,220332,http://bh.clearmash.com/skn/c6/dummy/e220332/dummy/,GASHA
90,Family Name,123633,http://bh.clearmash.com/skn/c6/dummy/e123633/dummy/,GASHE
318,Family Name,224486,http://bh.clearmash.com/skn/c6/dummy/e224486/dummy/,GASHYE
98,Family Name,154497,http://bh.clearmash.com/skn/c6/dummy/e154497/dummy/,GEBARI
466,Family Name,128182,http://bh.clearmash.com/skn/c6/dummy/e128182/dummy/,GEBEYE
687,Family Name,186205,http://bh.clearmash.com/skn/c6/dummy/e186205/dummy/,GEBIYA
294,Family Name,219573,http://bh.clearmash.com/skn/c6/dummy/e219573/dummy/,GEBRU
412,Family Name,143943,http://bh.clearmash.com/skn/c6/dummy/e143943/dummy/,GEBYANESH
192,Family Name,157439,http://bh.clearmash.com/skn/c6/dummy/e157439/dummy/,GEDAM
278,Family Name,215096,http://bh.clearmash.com/skn/c6/dummy/e215096/dummy/,GEDAMU
117,Family Name,211613,http://bh.clearmash.com/skn/c6/dummy/e211613/dummy/,GEDAY
94,Family Name,138053,http://bh.clearmash.com/skn/c6/dummy/e138053/dummy/,GEDEFEW
96,Family Name,146616,http://bh.clearmash.com/skn/c6/dummy/e146616/dummy/,GEDIF
256,Family Name,240577,http://bh.clearmash.com/skn/c6/dummy/e240577/dummy/,GELA
713,Family Name,160675,http://bh.clearmash.com/skn/c6/dummy/e160675/dummy/,GELANEH
88,Family Name,122027,http://bh.clearmash.com/skn/c6/dummy/e122027/dummy/,GENET
709,Family Name,160191,http://bh.clearmash.com/skn/c6/dummy/e160191/dummy/,GENETU
233,Family Name,233745,http://bh.clearmash.com/skn/c6/dummy/e233745/dummy/,GEREMEW
108,Family Name,193522,http://bh.clearmash.com/skn/c6/dummy/e193522/dummy/,GERMANEH
395,Family Name,141308,http://bh.clearmash.com/skn/c6/dummy/e141308/dummy/,GETA
519,Family Name,207663,http://bh.clearmash.com/skn/c6/dummy/e207663/dummy/,GETABITEW
683,Family Name,185094,http://bh.clearmash.com/skn/c6/dummy/e185094/dummy/,GETACHEW
777,Family Name,241412,http://bh.clearmash.com/skn/c6/dummy/e241412/dummy/,GETADANEL
86,Family Name,115480,http://bh.clearmash.com/skn/c6/dummy/e115480/dummy/,GETAHUN
685,Family Name,185742,http://bh.clearmash.com/skn/c6/dummy/e185742/dummy/,GETANEH
816,Family Name,248147,http://bh.clearmash.com/skn/c6/dummy/e248147/dummy/,GETASEW
261,Family Name,241089,http://bh.clearmash.com/skn/c6/dummy/e241089/dummy/,GETAW
767,Family Name,171143,http://bh.clearmash.com/skn/c6/dummy/e171143/dummy/,GETE
236,Family Name,234399,http://bh.clearmash.com/skn/c6/dummy/e234399/dummy/,GETENESH
498,Family Name,204983,http://bh.clearmash.com/skn/c6/dummy/e204983/dummy/,GETNET
797,Family Name,244828,http://bh.clearmash.com/skn/c6/dummy/e244828/dummy/,GETU
343,Family Name,131980,http://bh.clearmash.com/skn/c6/dummy/e131980/dummy/,GEZAHEGN
765,Family Name,170852,http://bh.clearmash.com/skn/c6/dummy/e170852/dummy/,GEZU
843,Family Name,253917,http://bh.clearmash.com/skn/c6/dummy/e253917/dummy/,GIBTE
168,Family Name,152612,http://bh.clearmash.com/skn/c6/dummy/e152612/dummy/,GIMBE
593,Family Name,193412,http://bh.clearmash.com/skn/c6/dummy/e193412/dummy/,GIMJA
429,Family Name,120166,http://bh.clearmash.com/skn/c6/dummy/e120166/dummy/,GIRMA
681,Family Name,184950,http://bh.clearmash.com/skn/c6/dummy/e184950/dummy/,GIRMACHEN
87,Family Name,118866,http://bh.clearmash.com/skn/c6/dummy/e118866/dummy/,GIRMADAWIT
209,Family Name,229433,http://bh.clearmash.com/skn/c6/dummy/e229433/dummy/,GOBEZE
356,Family Name,134604,http://bh.clearmash.com/skn/c6/dummy/e134604/dummy/,GOBEZU
277,Family Name,214580,http://bh.clearmash.com/skn/c6/dummy/e214580/dummy/,GODADAW
773,Family Name,171514,http://bh.clearmash.com/skn/c6/dummy/e171514/dummy/,GOITOM
99,Family Name,161349,http://bh.clearmash.com/skn/c6/dummy/e161349/dummy/,GOLA
402,Family Name,142919,http://bh.clearmash.com/skn/c6/dummy/e142919/dummy/,GONE
866,Family Name,261479,http://bh.clearmash.com/skn/c6/dummy/e261479/dummy/,GONETE
113,Family Name,203791,http://bh.clearmash.com/skn/c6/dummy/e203791/dummy/,GOSHEN
111,Family Name,198080,http://bh.clearmash.com/skn/c6/dummy/e198080/dummy/,GOSHU
419,Family Name,118084,http://bh.clearmash.com/skn/c6/dummy/e118084/dummy/,GUADA
505,Family Name,205872,http://bh.clearmash.com/skn/c6/dummy/e205872/dummy/,GUADE
528,Family Name,209652,http://bh.clearmash.com/skn/c6/dummy/e209652/dummy/,GUALE
576,Family Name,190209,http://bh.clearmash.com/skn/c6/dummy/e190209/dummy/,GUALU
804,Family Name,245753,http://bh.clearmash.com/skn/c6/dummy/e245753/dummy/,GUBALE
477,Family Name,130392,http://bh.clearmash.com/skn/c6/dummy/e130392/dummy/,GULMA
507,Family Name,206016,http://bh.clearmash.com/skn/c6/dummy/e206016/dummy/,GULTE
667,Family Name,182684,http://bh.clearmash.com/skn/c6/dummy/e182684/dummy/,GULTNESH
824,Family Name,250372,http://bh.clearmash.com/skn/c6/dummy/e250372/dummy/,HABESHA
637,Family Name,175096,http://bh.clearmash.com/skn/c6/dummy/e175096/dummy/,HABTAM
428,Family Name,120013,http://bh.clearmash.com/skn/c6/dummy/e120013/dummy/,HABTAMNESH
166,Family Name,152021,http://bh.clearmash.com/skn/c6/dummy/e152021/dummy/,HABTAMU
445,Family Name,124369,http://bh.clearmash.com/skn/c6/dummy/e124369/dummy/,HABTE
102,Family Name,168620,http://bh.clearmash.com/skn/c6/dummy/e168620/dummy/,HABTISH
463,Family Name,127438,http://bh.clearmash.com/skn/c6/dummy/e127438/dummy/,HABTU
9,Family Name,180725,http://bh.clearmash.com/skn/c6/dummy/e180725/dummy/,HADISH (Ethiopian)
369,Family Name,136931,http://bh.clearmash.com/skn/c6/dummy/e136931/dummy/,HAILE
807,Family Name,246263,http://bh.clearmash.com/skn/c6/dummy/e246263/dummy/,HAILU
708,Family Name,160111,http://bh.clearmash.com/skn/c6/dummy/e160111/dummy/,HAREGAWOYN
122,Family Name,228164,http://bh.clearmash.com/skn/c6/dummy/e228164/dummy/,HAYMANOT
346,Family Name,132693,http://bh.clearmash.com/skn/c6/dummy/e132693/dummy/,HEWAN
658,Family Name,180704,http://bh.clearmash.com/skn/c6/dummy/e180704/dummy/,HIBIST
789,Family Name,243033,http://bh.clearmash.com/skn/c6/dummy/e243033/dummy/,HIDEGO
574,Family Name,189724,http://bh.clearmash.com/skn/c6/dummy/e189724/dummy/,HILME
134,Family Name,145426,http://bh.clearmash.com/skn/c6/dummy/e145426/dummy/,HILMINESH
171,Family Name,153468,http://bh.clearmash.com/skn/c6/dummy/e153468/dummy/,HILMITU
647,Family Name,178184,http://bh.clearmash.com/skn/c6/dummy/e178184/dummy/,HIRUT
406,Family Name,143092,http://bh.clearmash.com/skn/c6/dummy/e143092/dummy/,HIWOT
815,Family Name,247702,http://bh.clearmash.com/skn/c6/dummy/e247702/dummy/,HIWOTE
747,Family Name,166885,http://bh.clearmash.com/skn/c6/dummy/e166885/dummy/,HIWOTU
798,Family Name,245061,http://bh.clearmash.com/skn/c6/dummy/e245061/dummy/,HONE
779,Family Name,241444,http://bh.clearmash.com/skn/c6/dummy/e241444/dummy/,HULUAGER
524,Family Name,208592,http://bh.clearmash.com/skn/c6/dummy/e208592/dummy/,HUNEGN
125,Family Name,252088,http://bh.clearmash.com/skn/c6/dummy/e252088/dummy/,HUNEGNEW
44,Family Name,153604,http://bh.clearmash.com/skn/c6/dummy/e153604/dummy/,IMAHOY
183,Family Name,155232,http://bh.clearmash.com/skn/c6/dummy/e155232/dummy/,JEGAW
711,Family Name,160248,http://bh.clearmash.com/skn/c6/dummy/e160248/dummy/,JEGNAW
852,Family Name,257540,http://bh.clearmash.com/skn/c6/dummy/e257540/dummy/,JEGNE
95,Family Name,141979,http://bh.clearmash.com/skn/c6/dummy/e141979/dummy/,JEMBER
745,Family Name,166467,http://bh.clearmash.com/skn/c6/dummy/e166467/dummy/,JEMERE
404,Family Name,143067,http://bh.clearmash.com/skn/c6/dummy/e143067/dummy/,JORGA
795,Family Name,244257,http://bh.clearmash.com/skn/c6/dummy/e244257/dummy/,KABA
144,Family Name,146680,http://bh.clearmash.com/skn/c6/dummy/e146680/dummy/,KABANESH
680,Family Name,184779,http://bh.clearmash.com/skn/c6/dummy/e184779/dummy/,KABE
355,Family Name,134257,http://bh.clearmash.com/skn/c6/dummy/e134257/dummy/,KABEDE
194,Family Name,157748,http://bh.clearmash.com/skn/c6/dummy/e157748/dummy/,KABEDECH
448,Family Name,124831,http://bh.clearmash.com/skn/c6/dummy/e124831/dummy/,KAHSAY
783,Family Name,242492,http://bh.clearmash.com/skn/c6/dummy/e242492/dummy/,KASA
660,Family Name,180877,http://bh.clearmash.com/skn/c6/dummy/e180877/dummy/,KASAHUN
368,Family Name,136793,http://bh.clearmash.com/skn/c6/dummy/e136793/dummy/,KASANESH
877,Family Name,263919,http://bh.clearmash.com/skn/c6/dummy/e263919/dummy/,KASATHUN
179,Family Name,154695,http://bh.clearmash.com/skn/c6/dummy/e154695/dummy/,KASAW
821,Family Name,249759,http://bh.clearmash.com/skn/c6/dummy/e249759/dummy/,KASAWUMAR
271,Family Name,116351,http://bh.clearmash.com/skn/c6/dummy/e116351/dummy/,KASAYE
769,Family Name,171324,http://bh.clearmash.com/skn/c6/dummy/e171324/dummy/,KASECH
786,Family Name,242763,http://bh.clearmash.com/skn/c6/dummy/e242763/dummy/,KASIE
158,Family Name,150669,http://bh.clearmash.com/skn/c6/dummy/e150669/dummy/,KASU
682,Family Name,184996,http://bh.clearmash.com/skn/c6/dummy/e184996/dummy/,KEBEBE
447,Family Name,124578,http://bh.clearmash.com/skn/c6/dummy/e124578/dummy/,KEBTIE
465,Family Name,128123,http://bh.clearmash.com/skn/c6/dummy/e128123/dummy/,KEFYALEW
584,Family Name,191221,http://bh.clearmash.com/skn/c6/dummy/e191221/dummy/,KEGNE
206,Family Name,228787,http://bh.clearmash.com/skn/c6/dummy/e228787/dummy/,KELEBET
493,Family Name,203189,http://bh.clearmash.com/skn/c6/dummy/e203189/dummy/,KELEM WORIK
382,Family Name,139146,http://bh.clearmash.com/skn/c6/dummy/e139146/dummy/,KENAW
408,Family Name,143605,http://bh.clearmash.com/skn/c6/dummy/e143605/dummy/,KENU
578,Family Name,190522,http://bh.clearmash.com/skn/c6/dummy/e190522/dummy/,KENUBSH
231,Family Name,233653,http://bh.clearmash.com/skn/c6/dummy/e233653/dummy/,KES BIRKU
820,Family Name,249722,http://bh.clearmash.com/skn/c6/dummy/e249722/dummy/,KESETE
1043,Family Name,187094,http://bh.clearmash.com/skn/c6/dummy/e187094/dummy/,KESETECH
741,Family Name,165538,http://bh.clearmash.com/skn/c6/dummy/e165538/dummy/,KETEMA
452,Family Name,125414,http://bh.clearmash.com/skn/c6/dummy/e125414/dummy/,KETEMAW
181,Family Name,155064,http://bh.clearmash.com/skn/c6/dummy/e155064/dummy/,KIBE
613,Family Name,198730,http://bh.clearmash.com/skn/c6/dummy/e198730/dummy/,KIBEGZI
175,Family Name,154033,http://bh.clearmash.com/skn/c6/dummy/e154033/dummy/,KIBISEW
864,Family Name,261165,http://bh.clearmash.com/skn/c6/dummy/e261165/dummy/,KIBRA
832,Family Name,251583,http://bh.clearmash.com/skn/c6/dummy/e251583/dummy/,KIBRE EGZI
381,Family Name,139118,http://bh.clearmash.com/skn/c6/dummy/e139118/dummy/,KIBRET
630,Family Name,173555,http://bh.clearmash.com/skn/c6/dummy/e173555/dummy/,KIDAN
177,Family Name,154516,http://bh.clearmash.com/skn/c6/dummy/e154516/dummy/,KIDANE
190,Family Name,157157,http://bh.clearmash.com/skn/c6/dummy/e157157/dummy/,KIDANU
163,Family Name,151431,http://bh.clearmash.com/skn/c6/dummy/e151431/dummy/,KIFLE
307,Family Name,221893,http://bh.clearmash.com/skn/c6/dummy/e221893/dummy/,KIMTEL
383,Family Name,139233,http://bh.clearmash.com/skn/c6/dummy/e139233/dummy/,KINDIE
143,Family Name,146535,http://bh.clearmash.com/skn/c6/dummy/e146535/dummy/,KOKE
865,Family Name,261461,http://bh.clearmash.com/skn/c6/dummy/e261461/dummy/,KOKEB
290,Family Name,219121,http://bh.clearmash.com/skn/c6/dummy/e219121/dummy/,KOKIT
204,Family Name,228386,http://bh.clearmash.com/skn/c6/dummy/e228386/dummy/,KOKU
225,Family Name,232433,http://bh.clearmash.com/skn/c6/dummy/e232433/dummy/,KOLELECH
753,Family Name,168534,http://bh.clearmash.com/skn/c6/dummy/e168534/dummy/,KOLLE
205,Family Name,228562,http://bh.clearmash.com/skn/c6/dummy/e228562/dummy/,LADELEW
240,Family Name,235433,http://bh.clearmash.com/skn/c6/dummy/e235433/dummy/,LAKE
306,Family Name,221840,http://bh.clearmash.com/skn/c6/dummy/e221840/dummy/,LAKECH
153,Family Name,149468,http://bh.clearmash.com/skn/c6/dummy/e149468/dummy/,LAKEW
661,Family Name,181053,http://bh.clearmash.com/skn/c6/dummy/e181053/dummy/,LAKU
544,Family Name,212717,http://bh.clearmash.com/skn/c6/dummy/e212717/dummy/,LAKUBISH
723,Family Name,162406,http://bh.clearmash.com/skn/c6/dummy/e162406/dummy/,LAKYALEW
761,Family Name,169919,http://bh.clearmash.com/skn/c6/dummy/e169919/dummy/,LAMENEW
75,Family Name,231232,http://bh.clearmash.com/skn/c6/dummy/e231232/dummy/,LANTEBYE
894,Family Name,176791,http://bh.clearmash.com/skn/c6/dummy/e176791/dummy/,LAWAYISH
182,Family Name,155168,http://bh.clearmash.com/skn/c6/dummy/e155168/dummy/,LEGAS
467,Family Name,128289,http://bh.clearmash.com/skn/c6/dummy/e128289/dummy/,LEGESE
212,Family Name,229981,http://bh.clearmash.com/skn/c6/dummy/e229981/dummy/,LEGESU
888,Family Name,232377,http://bh.clearmash.com/skn/c6/dummy/e232377/dummy/,LEMA
891,Family Name,130863,http://bh.clearmash.com/skn/c6/dummy/e130863/dummy/,LEMLEM
867,Family Name,261682,http://bh.clearmash.com/skn/c6/dummy/e261682/dummy/,LEUL
1062,Family Name,194650,http://bh.clearmash.com/skn/c6/dummy/e194650/dummy/,LEWTIE
490,Family Name,201410,http://bh.clearmash.com/skn/c6/dummy/e201410/dummy/,LEZA
879,Family Name,264147,http://bh.clearmash.com/skn/c6/dummy/e264147/dummy/,LIJAKAL
639,Family Name,176591,http://bh.clearmash.com/skn/c6/dummy/e176591/dummy/,LIJALEM
562,Family Name,187946,http://bh.clearmash.com/skn/c6/dummy/e187946/dummy/,LIJMELKAM
79,Family Name,240278,http://bh.clearmash.com/skn/c6/dummy/e240278/dummy/,LIKAWUNT
280,Family Name,215692,http://bh.clearmash.com/skn/c6/dummy/e215692/dummy/,LIKINESH
268,Family Name,116081,http://bh.clearmash.com/skn/c6/dummy/e116081/dummy/,LULIE
1,Family Name,260098,http://bh.clearmash.com/skn/c6/dummy/e260098/dummy/,LULU (Ethiopian)
348,Family Name,133385,http://bh.clearmash.com/skn/c6/dummy/e133385/dummy/,MAAZA
292,Family Name,219346,http://bh.clearmash.com/skn/c6/dummy/e219346/dummy/,MADAHINIT
1112,Family Name,265034,http://bh.clearmash.com/skn/c6/dummy/e265034/dummy/,MAEREGU
1034,Family Name,209933,http://bh.clearmash.com/skn/c6/dummy/e209933/dummy/,MALA
975,Family Name,223345,http://bh.clearmash.com/skn/c6/dummy/e223345/dummy/,MALADE
717,Family Name,160943,http://bh.clearmash.com/skn/c6/dummy/e160943/dummy/,MALEFIYA
817,Family Name,248336,http://bh.clearmash.com/skn/c6/dummy/e248336/dummy/,MAMAY
391,Family Name,140461,http://bh.clearmash.com/skn/c6/dummy/e140461/dummy/,MANAHLOSH
563,Family Name,188180,http://bh.clearmash.com/skn/c6/dummy/e188180/dummy/,MANALBESH
734,Family Name,163935,http://bh.clearmash.com/skn/c6/dummy/e163935/dummy/,MANALE
513,Family Name,206641,http://bh.clearmash.com/skn/c6/dummy/e206641/dummy/,MANAYE
855,Family Name,257794,http://bh.clearmash.com/skn/c6/dummy/e257794/dummy/,MANBLO
811,Family Name,246855,http://bh.clearmash.com/skn/c6/dummy/e246855/dummy/,MANCHILOSH
778,Family Name,241425,http://bh.clearmash.com/skn/c6/dummy/e241425/dummy/,MANDEFRO
586,Family Name,191450,http://bh.clearmash.com/skn/c6/dummy/e191450/dummy/,MANENDANCHI
953,Family Name,116727,http://bh.clearmash.com/skn/c6/dummy/e116727/dummy/,MANTEGBO
58,Family Name,189686,http://bh.clearmash.com/skn/c6/dummy/e189686/dummy/,MARE
628,Family Name,173202,http://bh.clearmash.com/skn/c6/dummy/e173202/dummy/,MARELGN
710,Family Name,160209,http://bh.clearmash.com/skn/c6/dummy/e160209/dummy/,MARENESH
245,Family Name,238286,http://bh.clearmash.com/skn/c6/dummy/e238286/dummy/,MAREW
257,Family Name,240684,http://bh.clearmash.com/skn/c6/dummy/e240684/dummy/,MARITU
1163,Family Name,149177,http://bh.clearmash.com/skn/c6/dummy/e149177/dummy/,MARKUS
374,Family Name,138143,http://bh.clearmash.com/skn/c6/dummy/e138143/dummy/,MARSHET
802,Family Name,245295,http://bh.clearmash.com/skn/c6/dummy/e245295/dummy/,MARU
1006,Family Name,121789,http://bh.clearmash.com/skn/c6/dummy/e121789/dummy/,MASRESHA
552,Family Name,213788,http://bh.clearmash.com/skn/c6/dummy/e213788/dummy/,MEBRATE
692,Family Name,256989,http://bh.clearmash.com/skn/c6/dummy/e256989/dummy/,MEBRATU
506,Family Name,205879,http://bh.clearmash.com/skn/c6/dummy/e205879/dummy/,MEGEBECH
738,Family Name,164400,http://bh.clearmash.com/skn/c6/dummy/e164400/dummy/,MEGENAGNA
575,Family Name,189897,http://bh.clearmash.com/skn/c6/dummy/e189897/dummy/,MEGOSA
434,Family Name,122736,http://bh.clearmash.com/skn/c6/dummy/e122736/dummy/,MEHARA
1118,Family Name,160607,http://bh.clearmash.com/skn/c6/dummy/e160607/dummy/,MEHAREGZI
384,Family Name,139719,http://bh.clearmash.com/skn/c6/dummy/e139719/dummy/,MEHARI
583,Family Name,191105,http://bh.clearmash.com/skn/c6/dummy/e191105/dummy/,MEKDES
349,Family Name,133528,http://bh.clearmash.com/skn/c6/dummy/e133528/dummy/,MEKEDA
487,Family Name,201240,http://bh.clearmash.com/skn/c6/dummy/e201240/dummy/,MEKERE
716,Family Name,160908,http://bh.clearmash.com/skn/c6/dummy/e160908/dummy/,MEKERIE
651,Family Name,178753,http://bh.clearmash.com/skn/c6/dummy/e178753/dummy/,MEKETE
577,Family Name,190358,http://bh.clearmash.com/skn/c6/dummy/e190358/dummy/,MEKONNEN
53,Family Name,180325,http://bh.clearmash.com/skn/c6/dummy/e180325/dummy/,MEKUANINET
482,Family Name,200722,http://bh.clearmash.com/skn/c6/dummy/e200722/dummy/,MEKURIYA
644,Family Name,177668,http://bh.clearmash.com/skn/c6/dummy/e177668/dummy/,MEKURIYAW
695,Family Name,259487,http://bh.clearmash.com/skn/c6/dummy/e259487/dummy/,MELAK
180,Family Name,154888,http://bh.clearmash.com/skn/c6/dummy/e154888/dummy/,MELAKE-SELAM
40,Family Name,148767,http://bh.clearmash.com/skn/c6/dummy/e148767/dummy/,MELAKE-TSIHAY
186,Family Name,155620,http://bh.clearmash.com/skn/c6/dummy/e155620/dummy/,MELAKU
214,Family Name,230346,http://bh.clearmash.com/skn/c6/dummy/e230346/dummy/,MELASH
1011,Family Name,126495,http://bh.clearmash.com/skn/c6/dummy/e126495/dummy/,MELESE
964,Family Name,220987,http://bh.clearmash.com/skn/c6/dummy/e220987/dummy/,MELESECH
345,Family Name,132530,http://bh.clearmash.com/skn/c6/dummy/e132530/dummy/,MELKAM
458,Family Name,126507,http://bh.clearmash.com/skn/c6/dummy/e126507/dummy/,MELKAMAYEHU
148,Family Name,147399,http://bh.clearmash.com/skn/c6/dummy/e147399/dummy/,MELKAMIE
720,Family Name,162169,http://bh.clearmash.com/skn/c6/dummy/e162169/dummy/,MELKAMU
541,Family Name,211892,http://bh.clearmash.com/skn/c6/dummy/e211892/dummy/,MELKE
1150,Family Name,247710,http://bh.clearmash.com/skn/c6/dummy/e247710/dummy/,MELKENEH
980,Family Name,225363,http://bh.clearmash.com/skn/c6/dummy/e225363/dummy/,MELKU
140,Family Name,146423,http://bh.clearmash.com/skn/c6/dummy/e146423/dummy/,MENA
828,Family Name,251094,http://bh.clearmash.com/skn/c6/dummy/e251094/dummy/,MENBERTE
886,Family Name,265619,http://bh.clearmash.com/skn/c6/dummy/e265619/dummy/,MENEN
1142,Family Name,243868,http://bh.clearmash.com/skn/c6/dummy/e243868/dummy/,MENGESHA
859,Family Name,258783,http://bh.clearmash.com/skn/c6/dummy/e258783/dummy/,MENGISTE
370,Family Name,137617,http://bh.clearmash.com/skn/c6/dummy/e137617/dummy/,MENGISTU
4,Family Name,122427,http://bh.clearmash.com/skn/c6/dummy/e122427/dummy/,MENU (Ethiopian)
200,Family Name,227878,http://bh.clearmash.com/skn/c6/dummy/e227878/dummy/,MERA
29,Family Name,116990,http://bh.clearmash.com/skn/c6/dummy/e116990/dummy/,MERAWI
326,Family Name,225341,http://bh.clearmash.com/skn/c6/dummy/e225341/dummy/,MERBIB
165,Family Name,151783,http://bh.clearmash.com/skn/c6/dummy/e151783/dummy/,MERCHESH
673,Family Name,183263,http://bh.clearmash.com/skn/c6/dummy/e183263/dummy/,MERETE
89,Family Name,122949,http://bh.clearmash.com/skn/c6/dummy/e122949/dummy/,MERIKO
223,Family Name,231975,http://bh.clearmash.com/skn/c6/dummy/e231975/dummy/,MERSHA
785,Family Name,242674,http://bh.clearmash.com/skn/c6/dummy/e242674/dummy/,MESAFINT
259,Family Name,240766,http://bh.clearmash.com/skn/c6/dummy/e240766/dummy/,MESARIYA
464,Family Name,128020,http://bh.clearmash.com/skn/c6/dummy/e128020/dummy/,MESELE
589,Family Name,191911,http://bh.clearmash.com/skn/c6/dummy/e191911/dummy/,MESELEW
659,Family Name,180851,http://bh.clearmash.com/skn/c6/dummy/e180851/dummy/,MESELU
226,Family Name,233000,http://bh.clearmash.com/skn/c6/dummy/e233000/dummy/,MESERET
101,Family Name,166514,http://bh.clearmash.com/skn/c6/dummy/e166514/dummy/,MESFIN
189,Family Name,156761,http://bh.clearmash.com/skn/c6/dummy/e156761/dummy/,MESHESHA
328,Family Name,225972,http://bh.clearmash.com/skn/c6/dummy/e225972/dummy/,METEKIYA
638,Family Name,175839,http://bh.clearmash.com/skn/c6/dummy/e175839/dummy/,MEWOSHA
874,Family Name,263482,http://bh.clearmash.com/skn/c6/dummy/e263482/dummy/,MIGBE
646,Family Name,178172,http://bh.clearmash.com/skn/c6/dummy/e178172/dummy/,MIHIRETA  - ምሕረት
831,Family Name,251417,http://bh.clearmash.com/skn/c6/dummy/e251417/dummy/,MIHRET
320,Family Name,224534,http://bh.clearmash.com/skn/c6/dummy/e224534/dummy/,MIHRETA
476,Family Name,130073,http://bh.clearmash.com/skn/c6/dummy/e130073/dummy/,MIHRETE
599,Family Name,195770,http://bh.clearmash.com/skn/c6/dummy/e195770/dummy/,MIHRETU
812,Family Name,246878,http://bh.clearmash.com/skn/c6/dummy/e246878/dummy/,MIKRU
618,Family Name,199388,http://bh.clearmash.com/skn/c6/dummy/e199388/dummy/,MINASE
304,Family Name,221226,http://bh.clearmash.com/skn/c6/dummy/e221226/dummy/,MINTAMIR
283,Family Name,217885,http://bh.clearmash.com/skn/c6/dummy/e217885/dummy/,MINTESNOT
201,Family Name,228061,http://bh.clearmash.com/skn/c6/dummy/e228061/dummy/,MINTWAB
526,Family Name,208769,http://bh.clearmash.com/skn/c6/dummy/e208769/dummy/,MINYISAN
793,Family Name,244149,http://bh.clearmash.com/skn/c6/dummy/e244149/dummy/,MINYWAB
254,Family Name,240366,http://bh.clearmash.com/skn/c6/dummy/e240366/dummy/,MIRACH
50,Family Name,174355,http://bh.clearmash.com/skn/c6/dummy/e174355/dummy/,MIRKUZ
591,Family Name,192186,http://bh.clearmash.com/skn/c6/dummy/e192186/dummy/,MIRTE
450,Family Name,124952,http://bh.clearmash.com/skn/c6/dummy/e124952/dummy/,MIRTNESH
100,Family Name,165185,http://bh.clearmash.com/skn/c6/dummy/e165185/dummy/,MISANESH
293,Family Name,219491,http://bh.clearmash.com/skn/c6/dummy/e219491/dummy/,MISGANAW
488,Family Name,201255,http://bh.clearmash.com/skn/c6/dummy/e201255/dummy/,MISKER
819,Family Name,248989,http://bh.clearmash.com/skn/c6/dummy/e248989/dummy/,MITEN
112,Family Name,203371,http://bh.clearmash.com/skn/c6/dummy/e203371/dummy/,MITKE
176,Family Name,154122,http://bh.clearmash.com/skn/c6/dummy/e154122/dummy/,MIZANE
390,Family Name,140065,http://bh.clearmash.com/skn/c6/dummy/e140065/dummy/,MOGESE
456,Family Name,126286,http://bh.clearmash.com/skn/c6/dummy/e126286/dummy/,MOLA
774,Family Name,171611,http://bh.clearmash.com/skn/c6/dummy/e171611/dummy/,MOLALGN
799,Family Name,245067,http://bh.clearmash.com/skn/c6/dummy/e245067/dummy/,MONTEGBOSH
267,Family Name,115898,http://bh.clearmash.com/skn/c6/dummy/e115898/dummy/,MOTBAYNOR
5,Family Name,130190,http://bh.clearmash.com/skn/c6/dummy/e130190/dummy/,MOTI (Ethiopian)
414,Family Name,144398,http://bh.clearmash.com/skn/c6/dummy/e144398/dummy/,MUCHE
565,Family Name,188287,http://bh.clearmash.com/skn/c6/dummy/e188287/dummy/,MUCHENESH
825,Family Name,250488,http://bh.clearmash.com/skn/c6/dummy/e250488/dummy/,MUCHIT
502,Family Name,205276,http://bh.clearmash.com/skn/c6/dummy/e205276/dummy/,MUCHITE
197,Family Name,158483,http://bh.clearmash.com/skn/c6/dummy/e158483/dummy/,MUKET
602,Family Name,196065,http://bh.clearmash.com/skn/c6/dummy/e196065/dummy/,MUKETE
310,Family Name,222467,http://bh.clearmash.com/skn/c6/dummy/e222467/dummy/,MULATE
792,Family Name,243967,http://bh.clearmash.com/skn/c6/dummy/e243967/dummy/,MULATU
411,Family Name,143924,http://bh.clearmash.com/skn/c6/dummy/e143924/dummy/,MULAW
670,Family Name,183070,http://bh.clearmash.com/skn/c6/dummy/e183070/dummy/,MULU
542,Family Name,211986,http://bh.clearmash.com/skn/c6/dummy/e211986/dummy/,MULUALEM
334,Family Name,227001,http://bh.clearmash.com/skn/c6/dummy/e227001/dummy/,MULUBIRHAN
351,Family Name,133827,http://bh.clearmash.com/skn/c6/dummy/e133827/dummy/,MULUGETA
611,Family Name,198374,http://bh.clearmash.com/skn/c6/dummy/e198374/dummy/,MULUKEN
834,Family Name,252148,http://bh.clearmash.com/skn/c6/dummy/e252148/dummy/,MULUNESH
185,Family Name,155501,http://bh.clearmash.com/skn/c6/dummy/e155501/dummy/,MULUTSEHAY
147,Family Name,147287,http://bh.clearmash.com/skn/c6/dummy/e147287/dummy/,MZENGIYA
609,Family Name,197138,http://bh.clearmash.com/skn/c6/dummy/e197138/dummy/,NADEW
890,Family Name,130625,http://bh.clearmash.com/skn/c6/dummy/e130625/dummy/,NAHUSEWAY
750,Family Name,167289,http://bh.clearmash.com/skn/c6/dummy/e167289/dummy/,NEBERU
203,Family Name,228244,http://bh.clearmash.com/skn/c6/dummy/e228244/dummy/,NEBYU
462,Family Name,127253,http://bh.clearmash.com/skn/c6/dummy/e127253/dummy/,NECHO - ነጭ
788,Family Name,243030,http://bh.clearmash.com/skn/c6/dummy/e243030/dummy/,NEGA
504,Family Name,205332,http://bh.clearmash.com/skn/c6/dummy/e205332/dummy/,NEGASH
758,Family Name,169111,http://bh.clearmash.com/skn/c6/dummy/e169111/dummy/,NEGASI
116,Family Name,210743,http://bh.clearmash.com/skn/c6/dummy/e210743/dummy/,NETERECH
104,Family Name,179188,http://bh.clearmash.com/skn/c6/dummy/e179188/dummy/,NETERU
150,Family Name,147760,http://bh.clearmash.com/skn/c6/dummy/e147760/dummy/,NIFTALEM
781,Family Name,241523,http://bh.clearmash.com/skn/c6/dummy/e241523/dummy/,NIGAT
612,Family Name,198482,http://bh.clearmash.com/skn/c6/dummy/e198482/dummy/,NIGIST
1137,Family Name,241600,http://bh.clearmash.com/skn/c6/dummy/e241600/dummy/,NIGRU
451,Family Name,125205,http://bh.clearmash.com/skn/c6/dummy/e125205/dummy/,NIGUS
898,Family Name,264010,http://bh.clearmash.com/skn/c6/dummy/e264010/dummy/,NIKAHYWOT
885,Family Name,265479,http://bh.clearmash.com/skn/c6/dummy/e265479/dummy/,NIWAY
21,Family Name,217308,http://bh.clearmash.com/skn/c6/dummy/e217308/dummy/,ORIT (Ethiopian)
836,Family Name,252378,http://bh.clearmash.com/skn/c6/dummy/e252378/dummy/,RADU
558,Family Name,187295,http://bh.clearmash.com/skn/c6/dummy/e187295/dummy/,RATIE
297,Family Name,219783,http://bh.clearmash.com/skn/c6/dummy/e219783/dummy/,REDA
956,Family Name,216035,http://bh.clearmash.com/skn/c6/dummy/e216035/dummy/,REDAHEGN
768,Family Name,171323,http://bh.clearmash.com/skn/c6/dummy/e171323/dummy/,REKIK
1139,Family Name,241983,http://bh.clearmash.com/skn/c6/dummy/e241983/dummy/,RETA
554,Family Name,186535,http://bh.clearmash.com/skn/c6/dummy/e186535/dummy/,RISTE
872,Family Name,262864,http://bh.clearmash.com/skn/c6/dummy/e262864/dummy/,ROVEL
17,Family Name,257321,http://bh.clearmash.com/skn/c6/dummy/e257321/dummy/,SABA (Ethiopian)
889,Family Name,220777,http://bh.clearmash.com/skn/c6/dummy/e220777/dummy/,SABHO
47,Family Name,158525,http://bh.clearmash.com/skn/c6/dummy/e158525/dummy/,SAHILE
65,Family Name,205502,http://bh.clearmash.com/skn/c6/dummy/e205502/dummy/,SAHILU
41,Family Name,151994,http://bh.clearmash.com/skn/c6/dummy/e151994/dummy/,SAHLITU
940,Family Name,233788,http://bh.clearmash.com/skn/c6/dummy/e233788/dummy/,SALAMLAK
24,Family Name,218319,http://bh.clearmash.com/skn/c6/dummy/e218319/dummy/,SALE (Ethiopian)
364,Family Name,136368,http://bh.clearmash.com/skn/c6/dummy/e136368/dummy/,SALEHU
93,Family Name,135233,http://bh.clearmash.com/skn/c6/dummy/e135233/dummy/,SALILEW
299,Family Name,220195,http://bh.clearmash.com/skn/c6/dummy/e220195/dummy/,SALILSH
1128,Family Name,166642,http://bh.clearmash.com/skn/c6/dummy/e166642/dummy/,SASCHESH
829,Family Name,251221,http://bh.clearmash.com/skn/c6/dummy/e251221/dummy/,SEFEFE
684,Family Name,185396,http://bh.clearmash.com/skn/c6/dummy/e185396/dummy/,SEFEFU
941,Family Name,234213,http://bh.clearmash.com/skn/c6/dummy/e234213/dummy/,SEFENE
1113,Family Name,265174,http://bh.clearmash.com/skn/c6/dummy/e265174/dummy/,SEFENECH
13,Family Name,235439,http://bh.clearmash.com/skn/c6/dummy/e235439/dummy/,SEFER (Ethiopian)
598,Family Name,195622,http://bh.clearmash.com/skn/c6/dummy/e195622/dummy/,SEFONYAS
510,Family Name,206553,http://bh.clearmash.com/skn/c6/dummy/e206553/dummy/,SEGEDE
539,Family Name,211376,http://bh.clearmash.com/skn/c6/dummy/e211376/dummy/,SELAMNESH
15,Family Name,237418,http://bh.clearmash.com/skn/c6/dummy/e237418/dummy/,SEM (Ethiopian)
230,Family Name,233647,http://bh.clearmash.com/skn/c6/dummy/e233647/dummy/,SEMAGN
1054,Family Name,191756,http://bh.clearmash.com/skn/c6/dummy/e191756/dummy/,SEMALIGN
1046,Family Name,189013,http://bh.clearmash.com/skn/c6/dummy/e189013/dummy/,SEMAW
726,Family Name,162859,http://bh.clearmash.com/skn/c6/dummy/e162859/dummy/,SEMU
968,Family Name,221501,http://bh.clearmash.com/skn/c6/dummy/e221501/dummy/,SEMUNESH
46,Family Name,154675,http://bh.clearmash.com/skn/c6/dummy/e154675/dummy/,SENAY
57,Family Name,189665,http://bh.clearmash.com/skn/c6/dummy/e189665/dummy/,SENAYIT
919,Family Name,153963,http://bh.clearmash.com/skn/c6/dummy/e153963/dummy/,SENBETE
935,Family Name,232201,http://bh.clearmash.com/skn/c6/dummy/e232201/dummy/,SENBETU
264,Family Name,241361,http://bh.clearmash.com/skn/c6/dummy/e241361/dummy/,SERAWIT
1055,Family Name,192050,http://bh.clearmash.com/skn/c6/dummy/e192050/dummy/,SETARGEW
1094,Family Name,256875,http://bh.clearmash.com/skn/c6/dummy/e256875/dummy/,SETARGIE
386,Family Name,139916,http://bh.clearmash.com/skn/c6/dummy/e139916/dummy/,SETEGN
850,Family Name,255178,http://bh.clearmash.com/skn/c6/dummy/e255178/dummy/,SEWMEHON
322,Family Name,224791,http://bh.clearmash.com/skn/c6/dummy/e224791/dummy/,SEWUNET
1106,Family Name,262513,http://bh.clearmash.com/skn/c6/dummy/e262513/dummy/,SEYFE
1009,Family Name,125202,http://bh.clearmash.com/skn/c6/dummy/e125202/dummy/,SEYFU
269,Family Name,116217,http://bh.clearmash.com/skn/c6/dummy/e116217/dummy/,SEYUM
241,Family Name,236009,http://bh.clearmash.com/skn/c6/dummy/e236009/dummy/,SHAHI
925,Family Name,228676,http://bh.clearmash.com/skn/c6/dummy/e228676/dummy/,SHAMA
494,Family Name,203349,http://bh.clearmash.com/skn/c6/dummy/e203349/dummy/,SHASHE
988,Family Name,136303,http://bh.clearmash.com/skn/c6/dummy/e136303/dummy/,SHASHITU
550,Family Name,213477,http://bh.clearmash.com/skn/c6/dummy/e213477/dummy/,SHEGANESH
537,Family Name,211063,http://bh.clearmash.com/skn/c6/dummy/e211063/dummy/,SHIBABAW
948,Family Name,240244,http://bh.clearmash.com/skn/c6/dummy/e240244/dummy/,SHIBESHI
989,Family Name,136629,http://bh.clearmash.com/skn/c6/dummy/e136629/dummy/,SHIBRU
1109,Family Name,263705,http://bh.clearmash.com/skn/c6/dummy/e263705/dummy/,SHIFERAW
927,Family Name,228920,http://bh.clearmash.com/skn/c6/dummy/e228920/dummy/,SHIGUT
739,Family Name,164801,http://bh.clearmash.com/skn/c6/dummy/e164801/dummy/,SHIMBRA
468,Family Name,128438,http://bh.clearmash.com/skn/c6/dummy/e128438/dummy/,SHIMELASH
905,Family Name,147549,http://bh.clearmash.com/skn/c6/dummy/e147549/dummy/,SHIMELIS
260,Family Name,240956,http://bh.clearmash.com/skn/c6/dummy/e240956/dummy/,SHIMELJASH
715,Family Name,160896,http://bh.clearmash.com/skn/c6/dummy/e160896/dummy/,SHIRBA
623,Family Name,172339,http://bh.clearmash.com/skn/c6/dummy/e172339/dummy/,SHITAYE
656,Family Name,179968,http://bh.clearmash.com/skn/c6/dummy/e179968/dummy/,SHITU
950,Family Name,240735,http://bh.clearmash.com/skn/c6/dummy/e240735/dummy/,SHIVESHI
572,Family Name,189548,http://bh.clearmash.com/skn/c6/dummy/e189548/dummy/,SHIWANEH
1116,Family Name,159797,http://bh.clearmash.com/skn/c6/dummy/e159797/dummy/,SHIWAREGA
1159,Family Name,224814,http://bh.clearmash.com/skn/c6/dummy/e224814/dummy/,SHMUEL
350,Family Name,133703,http://bh.clearmash.com/skn/c6/dummy/e133703/dummy/,SHUM BIYADGO
955,Family Name,214954,http://bh.clearmash.com/skn/c6/dummy/e214954/dummy/,SHUMET
984,Family Name,134406,http://bh.clearmash.com/skn/c6/dummy/e134406/dummy/,SHUMTEKA
1107,Family Name,263517,http://bh.clearmash.com/skn/c6/dummy/e263517/dummy/,SHUMWUDE
912,Family Name,151754,http://bh.clearmash.com/skn/c6/dummy/e151754/dummy/,SHUMYE
63,Family Name,200327,http://bh.clearmash.com/skn/c6/dummy/e200327/dummy/,SIBHAT
33,Family Name,128406,http://bh.clearmash.com/skn/c6/dummy/e128406/dummy/,SIBHATA
42,Family Name,153196,http://bh.clearmash.com/skn/c6/dummy/e153196/dummy/,SIBHATU
522,Family Name,207988,http://bh.clearmash.com/skn/c6/dummy/e207988/dummy/,SIHIN
603,Family Name,196076,http://bh.clearmash.com/skn/c6/dummy/e196076/dummy/,SIMACHEW
1100,Family Name,260847,http://bh.clearmash.com/skn/c6/dummy/e260847/dummy/,SIMANI
918,Family Name,153715,http://bh.clearmash.com/skn/c6/dummy/e153715/dummy/,SIMEGN
991,Family Name,137712,http://bh.clearmash.com/skn/c6/dummy/e137712/dummy/,SIMEGNEW
1104,Family Name,261406,http://bh.clearmash.com/skn/c6/dummy/e261406/dummy/,SIMEGNISH
929,Family Name,230421,http://bh.clearmash.com/skn/c6/dummy/e230421/dummy/,SIMENEH
187,Family Name,156562,http://bh.clearmash.com/skn/c6/dummy/e156562/dummy/,SINDU
471,Family Name,129132,http://bh.clearmash.com/skn/c6/dummy/e129132/dummy/,SINKIE
901,Family Name,145249,http://bh.clearmash.com/skn/c6/dummy/e145249/dummy/,SINKINESH
481,Family Name,200104,http://bh.clearmash.com/skn/c6/dummy/e200104/dummy/,SIRAK
840,Family Name,253555,http://bh.clearmash.com/skn/c6/dummy/e253555/dummy/,SIRAVIYKIR
359,Family Name,135378,http://bh.clearmash.com/skn/c6/dummy/e135378/dummy/,SIRNAY
737,Family Name,164289,http://bh.clearmash.com/skn/c6/dummy/e164289/dummy/,SISAY
913,Family Name,152410,http://bh.clearmash.com/skn/c6/dummy/e152410/dummy/,SISAYNEH
1052,Family Name,190963,http://bh.clearmash.com/skn/c6/dummy/e190963/dummy/,SISAYNESH
900,Family Name,209760,http://bh.clearmash.com/skn/c6/dummy/e209760/dummy/,SISETE
28,Family Name,199626,http://bh.clearmash.com/skn/c6/dummy/e199626/dummy/,SITOTAW
19,Family Name,258684,http://bh.clearmash.com/skn/c6/dummy/e258684/dummy/,SOSNA (Ethiopian)
936,Family Name,232599,http://bh.clearmash.com/skn/c6/dummy/e232599/dummy/,TABEYIN
331,Family Name,226645,http://bh.clearmash.com/skn/c6/dummy/e226645/dummy/,TADEGE
1155,Family Name,252133,http://bh.clearmash.com/skn/c6/dummy/e252133/dummy/,Tadegegn
1158,Family Name,254692,http://bh.clearmash.com/skn/c6/dummy/e254692/dummy/,TADELE
990,Family Name,137053,http://bh.clearmash.com/skn/c6/dummy/e137053/dummy/,TADELECH
951,Family Name,240857,http://bh.clearmash.com/skn/c6/dummy/e240857/dummy/,TADELU
160,Family Name,150833,http://bh.clearmash.com/skn/c6/dummy/e150833/dummy/,TADESSE
742,Family Name,165570,http://bh.clearmash.com/skn/c6/dummy/e165570/dummy/,TADFALECH
963,Family Name,220755,http://bh.clearmash.com/skn/c6/dummy/e220755/dummy/,TADFYE
401,Family Name,142729,http://bh.clearmash.com/skn/c6/dummy/e142729/dummy/,TADLA
279,Family Name,215603,http://bh.clearmash.com/skn/c6/dummy/e215603/dummy/,TADLO
335,Family Name,227013,http://bh.clearmash.com/skn/c6/dummy/e227013/dummy/,TAFACH
663,Family Name,181852,http://bh.clearmash.com/skn/c6/dummy/e181852/dummy/,TAFERE
1058,Family Name,193198,http://bh.clearmash.com/skn/c6/dummy/e193198/dummy/,TAFESECH
244,Family Name,237439,http://bh.clearmash.com/skn/c6/dummy/e237439/dummy/,TAFETE
762,Family Name,170043,http://bh.clearmash.com/skn/c6/dummy/e170043/dummy/,TAFETECH
422,Family Name,119184,http://bh.clearmash.com/skn/c6/dummy/e119184/dummy/,TAFETU
933,Family Name,232026,http://bh.clearmash.com/skn/c6/dummy/e232026/dummy/,TAGELE
425,Family Name,119765,http://bh.clearmash.com/skn/c6/dummy/e119765/dummy/,TAJEBE
1044,Family Name,187365,http://bh.clearmash.com/skn/c6/dummy/e187365/dummy/,TAKAYE
1153,Family Name,250719,http://bh.clearmash.com/skn/c6/dummy/e250719/dummy/,TAKEL
979,Family Name,224251,http://bh.clearmash.com/skn/c6/dummy/e224251/dummy/,TAKELE
1020,Family Name,202231,http://bh.clearmash.com/skn/c6/dummy/e202231/dummy/,TAKELU
727,Family Name,162959,http://bh.clearmash.com/skn/c6/dummy/e162959/dummy/,TAKETU
1157,Family Name,253958,http://bh.clearmash.com/skn/c6/dummy/e253958/dummy/,TAKLA
1088,Family Name,183801,http://bh.clearmash.com/skn/c6/dummy/e183801/dummy/,TAKLECH
998,Family Name,143323,http://bh.clearmash.com/skn/c6/dummy/e143323/dummy/,TAMAGN
1117,Family Name,160362,http://bh.clearmash.com/skn/c6/dummy/e160362/dummy/,TAMENE
987,Family Name,136143,http://bh.clearmash.com/skn/c6/dummy/e136143/dummy/,TAMINO
496,Family Name,204753,http://bh.clearmash.com/skn/c6/dummy/e204753/dummy/,TAMRA
972,Family Name,222609,http://bh.clearmash.com/skn/c6/dummy/e222609/dummy/,TAMRAT
1021,Family Name,202442,http://bh.clearmash.com/skn/c6/dummy/e202442/dummy/,TAMRE
920,Family Name,155857,http://bh.clearmash.com/skn/c6/dummy/e155857/dummy/,TAMRU
1101,Family Name,260932,http://bh.clearmash.com/skn/c6/dummy/e260932/dummy/,TANCHWODLIYA
1086,Family Name,183601,http://bh.clearmash.com/skn/c6/dummy/e183601/dummy/,TANGUT
902,Family Name,146046,http://bh.clearmash.com/skn/c6/dummy/e146046/dummy/,TAREKEGN
962,Family Name,220654,http://bh.clearmash.com/skn/c6/dummy/e220654/dummy/,TARIK
1152,Family Name,250013,http://bh.clearmash.com/skn/c6/dummy/e250013/dummy/,TASE
1033,Family Name,209868,http://bh.clearmash.com/skn/c6/dummy/e209868/dummy/,TASEW
1082,Family Name,180608,http://bh.clearmash.com/skn/c6/dummy/e180608/dummy/,TASHU
217,Family Name,230532,http://bh.clearmash.com/skn/c6/dummy/e230532/dummy/,TAYACHEW
903,Family Name,146903,http://bh.clearmash.com/skn/c6/dummy/e146903/dummy/,TAYE
1115,Family Name,265319,http://bh.clearmash.com/skn/c6/dummy/e265319/dummy/,TAYECH
566,Family Name,188296,http://bh.clearmash.com/skn/c6/dummy/e188296/dummy/,TAYTU
1016,Family Name,129186,http://bh.clearmash.com/skn/c6/dummy/e129186/dummy/,TAYU
996,Family Name,141180,http://bh.clearmash.com/skn/c6/dummy/e141180/dummy/,TAZA
1053,Family Name,191382,http://bh.clearmash.com/skn/c6/dummy/e191382/dummy/,TEBAY
1135,Family Name,171576,http://bh.clearmash.com/skn/c6/dummy/e171576/dummy/,TEBEJE
258,Family Name,240690,http://bh.clearmash.com/skn/c6/dummy/e240690/dummy/,TEDENEKE
645,Family Name,177976,http://bh.clearmash.com/skn/c6/dummy/e177976/dummy/,TEDLA
1051,Family Name,190659,http://bh.clearmash.com/skn/c6/dummy/e190659/dummy/,TEFERA
892,Family Name,199526,http://bh.clearmash.com/skn/c6/dummy/e199526/dummy/,TEFESAHIKU
922,Family Name,157158,http://bh.clearmash.com/skn/c6/dummy/e157158/dummy/,TEFESU
881,Family Name,264972,http://bh.clearmash.com/skn/c6/dummy/e264972/dummy/,TEFUT
155,Family Name,150205,http://bh.clearmash.com/skn/c6/dummy/e150205/dummy/,TEGEGNE
952,Family Name,240976,http://bh.clearmash.com/skn/c6/dummy/e240976/dummy/,TEGEGNECH
907,Family Name,148944,http://bh.clearmash.com/skn/c6/dummy/e148944/dummy/,TEGEN
1099,Family Name,259692,http://bh.clearmash.com/skn/c6/dummy/e259692/dummy/,TEGU
736,Family Name,164151,http://bh.clearmash.com/skn/c6/dummy/e164151/dummy/,TEGUADA
1013,Family Name,127810,http://bh.clearmash.com/skn/c6/dummy/e127810/dummy/,TEJE
1063,Family Name,196573,http://bh.clearmash.com/skn/c6/dummy/e196573/dummy/,TEJITU
1027,Family Name,204353,http://bh.clearmash.com/skn/c6/dummy/e204353/dummy/,TEJU
8,Family Name,167163,http://bh.clearmash.com/skn/c6/dummy/e167163/dummy/,TEKA (Ethiopian)
966,Family Name,221318,http://bh.clearmash.com/skn/c6/dummy/e221318/dummy/,TEKALIGN
1127,Family Name,166453,http://bh.clearmash.com/skn/c6/dummy/e166453/dummy/,TEKE
1144,Family Name,244973,http://bh.clearmash.com/skn/c6/dummy/e244973/dummy/,TEKEBA
1136,Family Name,171928,http://bh.clearmash.com/skn/c6/dummy/e171928/dummy/,TEKEBACH
1048,Family Name,190159,http://bh.clearmash.com/skn/c6/dummy/e190159/dummy/,TEKEBU
536,Family Name,210960,http://bh.clearmash.com/skn/c6/dummy/e210960/dummy/,TEKORE
787,Family Name,242814,http://bh.clearmash.com/skn/c6/dummy/e242814/dummy/,TEKOYE
969,Family Name,221910,http://bh.clearmash.com/skn/c6/dummy/e221910/dummy/,TEKU
985,Family Name,135288,http://bh.clearmash.com/skn/c6/dummy/e135288/dummy/,TEKUAM
387,Family Name,139930,http://bh.clearmash.com/skn/c6/dummy/e139930/dummy/,TELEL
198,Family Name,158491,http://bh.clearmash.com/skn/c6/dummy/e158491/dummy/,TELELE
764,Family Name,170691,http://bh.clearmash.com/skn/c6/dummy/e170691/dummy/,TELELECH
954,Family Name,214590,http://bh.clearmash.com/skn/c6/dummy/e214590/dummy/,TEMEGNU
580,Family Name,190992,http://bh.clearmash.com/skn/c6/dummy/e190992/dummy/,TEMERTA
937,Family Name,232688,http://bh.clearmash.com/skn/c6/dummy/e232688/dummy/,TEMESGEN
373,Family Name,138014,http://bh.clearmash.com/skn/c6/dummy/e138014/dummy/,TENA
800,Family Name,245069,http://bh.clearmash.com/skn/c6/dummy/e245069/dummy/,TENAGNE
323,Family Name,224843,http://bh.clearmash.com/skn/c6/dummy/e224843/dummy/,TENANEH
851,Family Name,257197,http://bh.clearmash.com/skn/c6/dummy/e257197/dummy/,TENAW
757,Family Name,168846,http://bh.clearmash.com/skn/c6/dummy/e168846/dummy/,TENAYE
431,Family Name,121108,http://bh.clearmash.com/skn/c6/dummy/e121108/dummy/,TEREF
534,Family Name,210600,http://bh.clearmash.com/skn/c6/dummy/e210600/dummy/,TEREFU
1156,Family Name,252556,http://bh.clearmash.com/skn/c6/dummy/e252556/dummy/,TESEMA
909,Family Name,150209,http://bh.clearmash.com/skn/c6/dummy/e150209/dummy/,TESEMU
915,Family Name,152793,http://bh.clearmash.com/skn/c6/dummy/e152793/dummy/,TESERA
938,Family Name,232729,http://bh.clearmash.com/skn/c6/dummy/e232729/dummy/,TESERACH
1065,Family Name,198103,http://bh.clearmash.com/skn/c6/dummy/e198103/dummy/,TESERU
270,Family Name,116284,http://bh.clearmash.com/skn/c6/dummy/e116284/dummy/,TESFA
135,Family Name,145952,http://bh.clearmash.com/skn/c6/dummy/e145952/dummy/,TESFAHUN
657,Family Name,179971,http://bh.clearmash.com/skn/c6/dummy/e179971/dummy/,TESFAHUNEGNE
363,Family Name,136293,http://bh.clearmash.com/skn/c6/dummy/e136293/dummy/,TESFAYE
780,Family Name,241472,http://bh.clearmash.com/skn/c6/dummy/e241472/dummy/,TESFE
407,Family Name,143241,http://bh.clearmash.com/skn/c6/dummy/e143241/dummy/,TESFIE
540,Family Name,211691,http://bh.clearmash.com/skn/c6/dummy/e211691/dummy/,TESFU
1029,Family Name,205932,http://bh.clearmash.com/skn/c6/dummy/e205932/dummy/,TESHAGER
861,Family Name,259013,http://bh.clearmash.com/skn/c6/dummy/e259013/dummy/,TESHALE
215,Family Name,230417,http://bh.clearmash.com/skn/c6/dummy/e230417/dummy/,TESHOME
339,Family Name,227667,http://bh.clearmash.com/skn/c6/dummy/e227667/dummy/,TEWABE
873,Family Name,263335,http://bh.clearmash.com/skn/c6/dummy/e263335/dummy/,TEWABECH
314,Family Name,223185,http://bh.clearmash.com/skn/c6/dummy/e223185/dummy/,TEWABU
372,Family Name,137860,http://bh.clearmash.com/skn/c6/dummy/e137860/dummy/,TEWODAJ
315,Family Name,223456,http://bh.clearmash.com/skn/c6/dummy/e223456/dummy/,TEWODROS
400,Family Name,142580,http://bh.clearmash.com/skn/c6/dummy/e142580/dummy/,TEWUBA
1015,Family Name,128239,http://bh.clearmash.com/skn/c6/dummy/e128239/dummy/,TEYEKU
275,Family Name,117064,http://bh.clearmash.com/skn/c6/dummy/e117064/dummy/,TEYIM
1093,Family Name,256765,http://bh.clearmash.com/skn/c6/dummy/e256765/dummy/,TIBKA
1042,Family Name,187029,http://bh.clearmash.com/skn/c6/dummy/e187029/dummy/,TIBLET
868,Family Name,261765,http://bh.clearmash.com/skn/c6/dummy/e261765/dummy/,TIDEG
616,Family Name,198951,http://bh.clearmash.com/skn/c6/dummy/e198951/dummy/,TIFETU
595,Family Name,194089,http://bh.clearmash.com/skn/c6/dummy/e194089/dummy/,TIFIT
246,Family Name,239146,http://bh.clearmash.com/skn/c6/dummy/e239146/dummy/,TIFTE
1133,Family Name,170415,http://bh.clearmash.com/skn/c6/dummy/e170415/dummy/,TIGAB
439,Family Name,123234,http://bh.clearmash.com/skn/c6/dummy/e123234/dummy/,TIGU
1110,Family Name,264787,http://bh.clearmash.com/skn/c6/dummy/e264787/dummy/,TIGZAW
342,Family Name,131957,http://bh.clearmash.com/skn/c6/dummy/e131957/dummy/,TIKIKL
949,Family Name,240484,http://bh.clearmash.com/skn/c6/dummy/e240484/dummy/,TIKU
974,Family Name,223239,http://bh.clearmash.com/skn/c6/dummy/e223239/dummy/,TIKUNESH
1124,Family Name,164116,http://bh.clearmash.com/skn/c6/dummy/e164116/dummy/,TIKUYE
281,Family Name,216674,http://bh.clearmash.com/skn/c6/dummy/e216674/dummy/,TILAHUN
1151,Family Name,248212,http://bh.clearmash.com/skn/c6/dummy/e248212/dummy/,TILANESH
977,Family Name,223517,http://bh.clearmash.com/skn/c6/dummy/e223517/dummy/,TILAYE
921,Family Name,157063,http://bh.clearmash.com/skn/c6/dummy/e157063/dummy/,TILAYTU
497,Family Name,204874,http://bh.clearmash.com/skn/c6/dummy/e204874/dummy/,TINUR
457,Family Name,126490,http://bh.clearmash.com/skn/c6/dummy/e126490/dummy/,TIRFIE
626,Family Name,172639,http://bh.clearmash.com/skn/c6/dummy/e172639/dummy/,TIRINGO
361,Family Name,135944,http://bh.clearmash.com/skn/c6/dummy/e135944/dummy/,TIRUNEH
678,Family Name,183937,http://bh.clearmash.com/skn/c6/dummy/e183937/dummy/,TIRUNESH
416,Family Name,117109,http://bh.clearmash.com/skn/c6/dummy/e117109/dummy/,TIRUWORK
149,Family Name,147425,http://bh.clearmash.com/skn/c6/dummy/e147425/dummy/,TIRUYE
770,Family Name,171385,http://bh.clearmash.com/skn/c6/dummy/e171385/dummy/,TISHAL
857,Family Name,258359,http://bh.clearmash.com/skn/c6/dummy/e258359/dummy/,TIWURES
942,Family Name,234573,http://bh.clearmash.com/skn/c6/dummy/e234573/dummy/,TIZALU
1040,Family Name,214457,http://bh.clearmash.com/skn/c6/dummy/e214457/dummy/,TIZALU
863,Family Name,260848,http://bh.clearmash.com/skn/c6/dummy/e260848/dummy/,TIZAZ
976,Family Name,223443,http://bh.clearmash.com/skn/c6/dummy/e223443/dummy/,TIZEZEW
560,Family Name,187602,http://bh.clearmash.com/skn/c6/dummy/e187602/dummy/,TSEGAHUN
444,Family Name,124351,http://bh.clearmash.com/skn/c6/dummy/e124351/dummy/,TSEGANEH
582,Family Name,191012,http://bh.clearmash.com/skn/c6/dummy/e191012/dummy/,TSEGAW
358,Family Name,135133,http://bh.clearmash.com/skn/c6/dummy/e135133/dummy/,TSEGAYE
263,Family Name,241360,http://bh.clearmash.com/skn/c6/dummy/e241360/dummy/,TSEGIE
483,Family Name,200783,http://bh.clearmash.com/skn/c6/dummy/e200783/dummy/,TSEGU
1057,Family Name,192526,http://bh.clearmash.com/skn/c6/dummy/e192526/dummy/,TSEHAY
997,Family Name,142704,http://bh.clearmash.com/skn/c6/dummy/e142704/dummy/,TSEHAYNEH
1125,Family Name,164514,http://bh.clearmash.com/skn/c6/dummy/e164514/dummy/,TSEHAYNESH
959,Family Name,218258,http://bh.clearmash.com/skn/c6/dummy/e218258/dummy/,TSEHAYTU
1095,Family Name,257031,http://bh.clearmash.com/skn/c6/dummy/e257031/dummy/,TSELOTE
983,Family Name,133166,http://bh.clearmash.com/skn/c6/dummy/e133166/dummy/,TSELOTNESH
521,Family Name,207913,http://bh.clearmash.com/skn/c6/dummy/e207913/dummy/,TSILAT
196,Family Name,158284,http://bh.clearmash.com/skn/c6/dummy/e158284/dummy/,TSIRHA
376,Family Name,138252,http://bh.clearmash.com/skn/c6/dummy/e138252/dummy/,WAGANESH
567,Family Name,188393,http://bh.clearmash.com/skn/c6/dummy/e188393/dummy/,WAGAYE
333,Family Name,226843,http://bh.clearmash.com/skn/c6/dummy/e226843/dummy/,WAGNACHEW
139,Family Name,146391,http://bh.clearmash.com/skn/c6/dummy/e146391/dummy/,WAGNEW
1010,Family Name,125616,http://bh.clearmash.com/skn/c6/dummy/e125616/dummy/,WALELIGN
366,Family Name,136669,http://bh.clearmash.com/skn/c6/dummy/e136669/dummy/,WALUBISH
961,Family Name,219132,http://bh.clearmash.com/skn/c6/dummy/e219132/dummy/,WASIHUN
993,Family Name,138386,http://bh.clearmash.com/skn/c6/dummy/e138386/dummy/,WASSIE
553,Family Name,213931,http://bh.clearmash.com/skn/c6/dummy/e213931/dummy/,WODAJ
237,Family Name,234481,http://bh.clearmash.com/skn/c6/dummy/e234481/dummy/,WOINABEBA
319,Family Name,224519,http://bh.clearmash.com/skn/c6/dummy/e224519/dummy/,WOINITU
643,Family Name,177509,http://bh.clearmash.com/skn/c6/dummy/e177509/dummy/,WOLDEGEBRIEL
417,Family Name,117369,http://bh.clearmash.com/skn/c6/dummy/e117369/dummy/,WOLDEKIDAN
14,Family Name,237047,http://bh.clearmash.com/skn/c6/dummy/e237047/dummy/,WOLDU (Ethiopian)
556,Family Name,186748,http://bh.clearmash.com/skn/c6/dummy/e186748/dummy/,WOLELAW
388,Family Name,139975,http://bh.clearmash.com/skn/c6/dummy/e139975/dummy/,WOMISAEL
810,Family Name,246796,http://bh.clearmash.com/skn/c6/dummy/e246796/dummy/,WONDALEM
934,Family Name,232035,http://bh.clearmash.com/skn/c6/dummy/e232035/dummy/,WONDATIR
1019,Family Name,131124,http://bh.clearmash.com/skn/c6/dummy/e131124/dummy/,WONDAY
23,Family Name,167004,http://bh.clearmash.com/skn/c6/dummy/e167004/dummy/,WONDIE (Ethiopian)
1050,Family Name,190562,http://bh.clearmash.com/skn/c6/dummy/e190562/dummy/,WONDIHUNEGN
344,Family Name,132453,http://bh.clearmash.com/skn/c6/dummy/e132453/dummy/,WONDIM
904,Family Name,147357,http://bh.clearmash.com/skn/c6/dummy/e147357/dummy/,WONDIMAGEGN
1036,Family Name,211406,http://bh.clearmash.com/skn/c6/dummy/e211406/dummy/,WONDIMENEH
759,Family Name,169733,http://bh.clearmash.com/skn/c6/dummy/e169733/dummy/,WONDIMKELIL
478,Family Name,130775,http://bh.clearmash.com/skn/c6/dummy/e130775/dummy/,WONDISHAL
674,Family Name,183330,http://bh.clearmash.com/skn/c6/dummy/e183330/dummy/,WONDO
1005,Family Name,120862,http://bh.clearmash.com/skn/c6/dummy/e120862/dummy/,WONDYFRAW
965,Family Name,221232,http://bh.clearmash.com/skn/c6/dummy/e221232/dummy/,WOREDE
1056,Family Name,192400,http://bh.clearmash.com/skn/c6/dummy/e192400/dummy/,WOREDESH
854,Family Name,257763,http://bh.clearmash.com/skn/c6/dummy/e257763/dummy/,WORETA
228,Family Name,233066,http://bh.clearmash.com/skn/c6/dummy/e233066/dummy/,WORETAW
538,Family Name,211214,http://bh.clearmash.com/skn/c6/dummy/e211214/dummy/,WORKALEM
837,Family Name,252563,http://bh.clearmash.com/skn/c6/dummy/e252563/dummy/,WORKE
707,Family Name,159517,http://bh.clearmash.com/skn/c6/dummy/e159517/dummy/,WORKIE
353,Family Name,134166,http://bh.clearmash.com/skn/c6/dummy/e134166/dummy/,WORKINEH
833,Family Name,251995,http://bh.clearmash.com/skn/c6/dummy/e251995/dummy/,WORKINESH
636,Family Name,174131,http://bh.clearmash.com/skn/c6/dummy/e174131/dummy/,WORKIT
691,Family Name,256775,http://bh.clearmash.com/skn/c6/dummy/e256775/dummy/,WOYIZERO
655,Family Name,179966,http://bh.clearmash.com/skn/c6/dummy/e179966/dummy/,WOYNITU
696,Family Name,259662,http://bh.clearmash.com/skn/c6/dummy/e259662/dummy/,WUBA
999,Family Name,144021,http://bh.clearmash.com/skn/c6/dummy/e144021/dummy/,WUBADIS
499,Family Name,205026,http://bh.clearmash.com/skn/c6/dummy/e205026/dummy/,WUBAGEGN
423,Family Name,119528,http://bh.clearmash.com/skn/c6/dummy/e119528/dummy/,WUBALE
152,Family Name,149291,http://bh.clearmash.com/skn/c6/dummy/e149291/dummy/,WUBALECH
302,Family Name,220618,http://bh.clearmash.com/skn/c6/dummy/e220618/dummy/,WUBALEM
251,Family Name,240141,http://bh.clearmash.com/skn/c6/dummy/e240141/dummy/,WUBALU
1060,Family Name,193587,http://bh.clearmash.com/skn/c6/dummy/e193587/dummy/,WUBAYE
282,Family Name,217144,http://bh.clearmash.com/skn/c6/dummy/e217144/dummy/,WUBET
712,Family Name,160302,http://bh.clearmash.com/skn/c6/dummy/e160302/dummy/,WUBETE
167,Family Name,152183,http://bh.clearmash.com/skn/c6/dummy/e152183/dummy/,WUBETU
362,Family Name,136150,http://bh.clearmash.com/skn/c6/dummy/e136150/dummy/,WUBIE
145,Family Name,146901,http://bh.clearmash.com/skn/c6/dummy/e146901/dummy/,WUBIJIG
392,Family Name,140503,http://bh.clearmash.com/skn/c6/dummy/e140503/dummy/,WUBIT
814,Family Name,247223,http://bh.clearmash.com/skn/c6/dummy/e247223/dummy/,WUBNEH
729,Family Name,163106,http://bh.clearmash.com/skn/c6/dummy/e163106/dummy/,WUBNESH
704,Family Name,159048,http://bh.clearmash.com/skn/c6/dummy/e159048/dummy/,WUBSHET
365,Family Name,136624,http://bh.clearmash.com/skn/c6/dummy/e136624/dummy/,WUBU
650,Family Name,178628,http://bh.clearmash.com/skn/c6/dummy/e178628/dummy/,WUCHESH
731,Family Name,163411,http://bh.clearmash.com/skn/c6/dummy/e163411/dummy/,WUDAJU
629,Family Name,173517,http://bh.clearmash.com/skn/c6/dummy/e173517/dummy/,WUDIE
702,Family Name,260276,http://bh.clearmash.com/skn/c6/dummy/e260276/dummy/,WUDINEH
545,Family Name,212998,http://bh.clearmash.com/skn/c6/dummy/e212998/dummy/,WUDINESH
442,Family Name,123542,http://bh.clearmash.com/skn/c6/dummy/e123542/dummy/,WUDITU
6,Family Name,150715,http://bh.clearmash.com/skn/c6/dummy/e150715/dummy/,WUDU (Ethiopian)
286,Family Name,218799,http://bh.clearmash.com/skn/c6/dummy/e218799/dummy/,WUSHIN
1066,Family Name,198513,http://bh.clearmash.com/skn/c6/dummy/e198513/dummy/,YAJEBNESH
1132,Family Name,170169,http://bh.clearmash.com/skn/c6/dummy/e170169/dummy/,YALEM
229,Family Name,233300,http://bh.clearmash.com/skn/c6/dummy/e233300/dummy/,YALEM TILA
1059,Family Name,193512,http://bh.clearmash.com/skn/c6/dummy/e193512/dummy/,YALEW
924,Family Name,227916,http://bh.clearmash.com/skn/c6/dummy/e227916/dummy/,YALGA
1075,Family Name,177035,http://bh.clearmash.com/skn/c6/dummy/e177035/dummy/,YALGANESH
970,Family Name,222065,http://bh.clearmash.com/skn/c6/dummy/e222065/dummy/,YALMWORK
693,Family Name,257580,http://bh.clearmash.com/skn/c6/dummy/e257580/dummy/,YAMBEL
744,Family Name,166235,http://bh.clearmash.com/skn/c6/dummy/e166235/dummy/,YAMROT
669,Family Name,183047,http://bh.clearmash.com/skn/c6/dummy/e183047/dummy/,YANTFU
995,Family Name,140845,http://bh.clearmash.com/skn/c6/dummy/e140845/dummy/,YANTFUWORK
957,Family Name,216700,http://bh.clearmash.com/skn/c6/dummy/e216700/dummy/,YAYEH
679,Family Name,184749,http://bh.clearmash.com/skn/c6/dummy/e184749/dummy/,YAYINE
1083,Family Name,182432,http://bh.clearmash.com/skn/c6/dummy/e182432/dummy/,YAZACHEW
752,Family Name,168522,http://bh.clearmash.com/skn/c6/dummy/e168522/dummy/,YAZEZEW
546,Family Name,213017,http://bh.clearmash.com/skn/c6/dummy/e213017/dummy/,YEAMBAWUHA
157,Family Name,150624,http://bh.clearmash.com/skn/c6/dummy/e150624/dummy/,YEAYINERAT
436,Family Name,122997,http://bh.clearmash.com/skn/c6/dummy/e122997/dummy/,YEAYINSHET
337,Family Name,227346,http://bh.clearmash.com/skn/c6/dummy/e227346/dummy/,YEHUNAWORK
869,Family Name,262358,http://bh.clearmash.com/skn/c6/dummy/e262358/dummy/,YEHUWALA
239,Family Name,235316,http://bh.clearmash.com/skn/c6/dummy/e235316/dummy/,YEHUWALASHET
1138,Family Name,241939,http://bh.clearmash.com/skn/c6/dummy/e241939/dummy/,YEKABA
252,Family Name,240171,http://bh.clearmash.com/skn/c6/dummy/e240171/dummy/,YEKITE
958,Family Name,218255,http://bh.clearmash.com/skn/c6/dummy/e218255/dummy/,YEKOBE
1032,Family Name,209392,http://bh.clearmash.com/skn/c6/dummy/e209392/dummy/,YELFGN
973,Family Name,222742,http://bh.clearmash.com/skn/c6/dummy/e222742/dummy/,YELFIE
59,Family Name,190122,http://bh.clearmash.com/skn/c6/dummy/e190122/dummy/,YELFWAGASH
899,Family Name,170231,http://bh.clearmash.com/skn/c6/dummy/e170231/dummy/,YEMANU
1134,Family Name,170465,http://bh.clearmash.com/skn/c6/dummy/e170465/dummy/,YEMENGISIT
871,Family Name,262862,http://bh.clearmash.com/skn/c6/dummy/e262862/dummy/,YEMERETU
943,Family Name,236182,http://bh.clearmash.com/skn/c6/dummy/e236182/dummy/,YEMSRACH
454,Family Name,125791,http://bh.clearmash.com/skn/c6/dummy/e125791/dummy/,YENEHUN
875,Family Name,263714,http://bh.clearmash.com/skn/c6/dummy/e263714/dummy/,YENENEH
136,Family Name,145953,http://bh.clearmash.com/skn/c6/dummy/e145953/dummy/,YENENESH
1000,Family Name,144196,http://bh.clearmash.com/skn/c6/dummy/e144196/dummy/,YENEWODAJ
830,Family Name,251353,http://bh.clearmash.com/skn/c6/dummy/e251353/dummy/,YENUSIE
18,Family Name,258425,http://bh.clearmash.com/skn/c6/dummy/e258425/dummy/,YEROM (Ethiopian)
944,Family Name,237679,http://bh.clearmash.com/skn/c6/dummy/e237679/dummy/,YERUKNESH
688,Family Name,186207,http://bh.clearmash.com/skn/c6/dummy/e186207/dummy/,YESHALEM
1038,Family Name,212166,http://bh.clearmash.com/skn/c6/dummy/e212166/dummy/,YESHAMBEL
1023,Family Name,203397,http://bh.clearmash.com/skn/c6/dummy/e203397/dummy/,YESHANEH
1092,Family Name,256750,http://bh.clearmash.com/skn/c6/dummy/e256750/dummy/,YESHANEW
235,Family Name,234150,http://bh.clearmash.com/skn/c6/dummy/e234150/dummy/,YESHAREG
917,Family Name,153201,http://bh.clearmash.com/skn/c6/dummy/e153201/dummy/,YESHASHWORK
437,Family Name,123143,http://bh.clearmash.com/skn/c6/dummy/e123143/dummy/,YESHAW
20,Family Name,260855,http://bh.clearmash.com/skn/c6/dummy/e260855/dummy/,YESHI (Ethiopian)
1045,Family Name,188001,http://bh.clearmash.com/skn/c6/dummy/e188001/dummy/,YESHIFANA
1068,Family Name,199940,http://bh.clearmash.com/skn/c6/dummy/e199940/dummy/,YESHIMEBET
897,Family Name,182884,http://bh.clearmash.com/skn/c6/dummy/e182884/dummy/,YESHINESH
895,Family Name,177652,http://bh.clearmash.com/skn/c6/dummy/e177652/dummy/,YESHITU
896,Family Name,178341,http://bh.clearmash.com/skn/c6/dummy/e178341/dummy/,YESHIWONDIM
22,Family Name,229502,http://bh.clearmash.com/skn/c6/dummy/e229502/dummy/,YESHU (Ethiopian)
1126,Family Name,164816,http://bh.clearmash.com/skn/c6/dummy/e164816/dummy/,YESHUMNESH
992,Family Name,138238,http://bh.clearmash.com/skn/c6/dummy/e138238/dummy/,YESHWOKET
441,Family Name,123336,http://bh.clearmash.com/skn/c6/dummy/e123336/dummy/,YESHWORK
1003,Family Name,119292,http://bh.clearmash.com/skn/c6/dummy/e119292/dummy/,YETEMEGN
440,Family Name,123263,http://bh.clearmash.com/skn/c6/dummy/e123263/dummy/,YETMWORK
303,Family Name,221099,http://bh.clearmash.com/skn/c6/dummy/e221099/dummy/,YETNEBER
469,Family Name,128863,http://bh.clearmash.com/skn/c6/dummy/e128863/dummy/,YETNEBERSH
247,Family Name,239261,http://bh.clearmash.com/skn/c6/dummy/e239261/dummy/,YETNURA
432,Family Name,122657,http://bh.clearmash.com/skn/c6/dummy/e122657/dummy/,YETUB
338,Family Name,227533,http://bh.clearmash.com/skn/c6/dummy/e227533/dummy/,YEWERKWUHA
1084,Family Name,182524,http://bh.clearmash.com/skn/c6/dummy/e182524/dummy/,YEWOYN TEJ
1121,Family Name,161822,http://bh.clearmash.com/skn/c6/dummy/e161822/dummy/,YEWUBDAR
224,Family Name,232303,http://bh.clearmash.com/skn/c6/dummy/e232303/dummy/,YEWUBKAB
238,Family Name,234622,http://bh.clearmash.com/skn/c6/dummy/e234622/dummy/,YEWUBMIRT
624,Family Name,172555,http://bh.clearmash.com/skn/c6/dummy/e172555/dummy/,YEWUBNEDO
415,Family Name,144432,http://bh.clearmash.com/skn/c6/dummy/e144432/dummy/,YEWUBNIKR
1079,Family Name,178574,http://bh.clearmash.com/skn/c6/dummy/e178574/dummy/,YEWUBSEFER
172,Family Name,153558,http://bh.clearmash.com/skn/c6/dummy/e153558/dummy/,YEWUKAB
631,Family Name,173565,http://bh.clearmash.com/skn/c6/dummy/e173565/dummy/,YEZBALEM
551,Family Name,213725,http://bh.clearmash.com/skn/c6/dummy/e213725/dummy/,YEZNA
588,Family Name,191660,http://bh.clearmash.com/skn/c6/dummy/e191660/dummy/,YIBARKEN
1120,Family Name,161602,http://bh.clearmash.com/skn/c6/dummy/e161602/dummy/,YIDAGNU
1069,Family Name,172331,http://bh.clearmash.com/skn/c6/dummy/e172331/dummy/,YIFTUSIRA
1143,Family Name,243885,http://bh.clearmash.com/skn/c6/dummy/e243885/dummy/,YIGARDU
1097,Family Name,258308,http://bh.clearmash.com/skn/c6/dummy/e258308/dummy/,YIGZAW
1030,Family Name,206177,http://bh.clearmash.com/skn/c6/dummy/e206177/dummy/,YILAK
1012,Family Name,127129,http://bh.clearmash.com/skn/c6/dummy/e127129/dummy/,YILMA
399,Family Name,141933,http://bh.clearmash.com/skn/c6/dummy/e141933/dummy/,YIMAHREN
1018,Family Name,130581,http://bh.clearmash.com/skn/c6/dummy/e130581/dummy/,YIMEGN
906,Family Name,147662,http://bh.clearmash.com/skn/c6/dummy/e147662/dummy/,YIMER
632,Family Name,173789,http://bh.clearmash.com/skn/c6/dummy/e173789/dummy/,YIMLA
1035,Family Name,210155,http://bh.clearmash.com/skn/c6/dummy/e210155/dummy/,YINAGU
1024,Family Name,204171,http://bh.clearmash.com/skn/c6/dummy/e204171/dummy/,YIRGA
1039,Family Name,213416,http://bh.clearmash.com/skn/c6/dummy/e213416/dummy/,YISABER
1001,Family Name,144200,http://bh.clearmash.com/skn/c6/dummy/e144200/dummy/,YISHAMU
982,Family Name,132063,http://bh.clearmash.com/skn/c6/dummy/e132063/dummy/,YISMA
555,Family Name,186579,http://bh.clearmash.com/skn/c6/dummy/e186579/dummy/,YITAYE
672,Family Name,183130,http://bh.clearmash.com/skn/c6/dummy/e183130/dummy/,YITBAREK
808,Family Name,246264,http://bh.clearmash.com/skn/c6/dummy/e246264/dummy/,YONAEGZIE
379,Family Name,138841,http://bh.clearmash.com/skn/c6/dummy/e138841/dummy/,ZABELON
1071,Family Name,174375,http://bh.clearmash.com/skn/c6/dummy/e174375/dummy/,ZALELEW
64,Family Name,201437,http://bh.clearmash.com/skn/c6/dummy/e201437/dummy/,ZEDAWIT
794,Family Name,244160,http://bh.clearmash.com/skn/c6/dummy/e244160/dummy/,ZELALEM
1111,Family Name,265025,http://bh.clearmash.com/skn/c6/dummy/e265025/dummy/,ZELEKE
1140,Family Name,242031,http://bh.clearmash.com/skn/c6/dummy/e242031/dummy/,ZELELEW
25,Family Name,231425,http://bh.clearmash.com/skn/c6/dummy/e231425/dummy/,ZEMEME (Ethiopian)
1072,Family Name,175779,http://bh.clearmash.com/skn/c6/dummy/e175779/dummy/,ZEMETU
893,Family Name,172777,http://bh.clearmash.com/skn/c6/dummy/e172777/dummy/,ZEMRU
923,Family Name,227912,http://bh.clearmash.com/skn/c6/dummy/e227912/dummy/,ZENA
994,Family Name,139804,http://bh.clearmash.com/skn/c6/dummy/e139804/dummy/,ZENASH
604,Family Name,196195,http://bh.clearmash.com/skn/c6/dummy/e196195/dummy/,ZENEBE
249,Family Name,240034,http://bh.clearmash.com/skn/c6/dummy/e240034/dummy/,ZENEBECH
1123,Family Name,163069,http://bh.clearmash.com/skn/c6/dummy/e163069/dummy/,ZERE
568,Family Name,188583,http://bh.clearmash.com/skn/c6/dummy/e188583/dummy/,ZERFE
1014,Family Name,127983,http://bh.clearmash.com/skn/c6/dummy/e127983/dummy/,ZERIHUN
1148,Family Name,246465,http://bh.clearmash.com/skn/c6/dummy/e246465/dummy/,ZERITU
1008,Family Name,124363,http://bh.clearmash.com/skn/c6/dummy/e124363/dummy/,ZERTHUN
676,Family Name,183629,http://bh.clearmash.com/skn/c6/dummy/e183629/dummy/,ZEWALE
594,Family Name,193593,http://bh.clearmash.com/skn/c6/dummy/e193593/dummy/,ZEWALECH
564,Family Name,188183,http://bh.clearmash.com/skn/c6/dummy/e188183/dummy/,ZEWALU
413,Family Name,143972,http://bh.clearmash.com/skn/c6/dummy/e143972/dummy/,ZEWUDE
459,Family Name,126522,http://bh.clearmash.com/skn/c6/dummy/e126522/dummy/,ZEYINE
385,Family Name,139789,http://bh.clearmash.com/skn/c6/dummy/e139789/dummy/,ZEYIT
10,Family Name,202983,http://bh.clearmash.com/skn/c6/dummy/e202983/dummy/,ZINA (Ethiopian)
633,Family Name,173844,http://bh.clearmash.com/skn/c6/dummy/e173844/dummy/,ZIVAD
56,Family Name,189028,http://bh.clearmash.com/skn/c6/dummy/e189028/dummy/,ZIYAMR
202,Family Name,228102,http://bh.clearmash.com/skn/c6/dummy/e228102/dummy/,ZOMA
740,Family Name,165418,http://bh.clearmash.com/skn/c6/dummy/e165418/dummy/,ZOMANESH
883,Family Name,265298,http://bh.clearmash.com/skn/c6/dummy/e265298/dummy/,ZUFAN
839,Family Name,252940,http://bh.clearmash.com/skn/c6/dummy/e252940/dummy/,ZURIYASHWORK
2,Family Name,159057,http://bh.clearmash.com/skn/c6/dummy/e159057/dummy/,ZYIN (Ethiopian)
